label	pos	tensor	layer	type	point	rel_before	rel_after	step	cos	sub	sub_rel	sub_cos
p4	0	attn_residual-0	0	linear_gated_deltanet	mixer	0.000000	0.000001	0.000001	1.000000	linear_attn_out-0	0.000001	1.000000
p4	0	l_out-0	0	linear_gated_deltanet	ffn	0.000001	0.000001	0.000000	1.000000	ffn_out-0	0.000001	1.000000
p4	0	attn_residual-1	1	linear_gated_deltanet	mixer	0.000001	0.000001	0.000000	1.000000	linear_attn_out-1	0.000001	1.000000
p4	0	l_out-1	1	linear_gated_deltanet	ffn	0.000001	0.000001	0.000000	1.000000	ffn_out-1	0.000001	1.000000
p4	0	attn_residual-2	2	linear_gated_deltanet	mixer	0.000001	0.000001	0.000000	1.000000	linear_attn_out-2	0.000000	1.000000
p4	0	l_out-2	2	linear_gated_deltanet	ffn	0.000001	0.000001	0.000000	1.000000	ffn_out-2	0.000001	1.000000
p4	0	attn_residual-3	3	full_attention	mixer	0.000001	0.000621	0.000620	1.000000	attn_output-3	0.002276	0.999997
p4	0	l_out-3	3	full_attention	ffn	0.000621	0.003007	0.002386	0.999996	ffn_out-3	0.004244	0.999992
p4	0	attn_residual-4	4	linear_gated_deltanet	mixer	0.003007	0.004624	0.001617	0.999990	linear_attn_out-4	0.024145	0.999717
p4	0	l_out-4	4	linear_gated_deltanet	ffn	0.004624	0.006597	0.001973	0.999979	ffn_out-4	0.026305	0.999654
p4	0	attn_residual-5	5	linear_gated_deltanet	mixer	0.006597	0.009211	0.002614	0.999958	linear_attn_out-5	0.042586	0.999096
p4	0	l_out-5	5	linear_gated_deltanet	ffn	0.009211	0.010383	0.001172	0.999947	ffn_out-5	0.026771	0.999642
p4	0	attn_residual-6	6	linear_gated_deltanet	mixer	0.010383	0.002692	-0.007691	0.999996	linear_attn_out-6	0.001781	0.999999
p4	0	l_out-6	6	linear_gated_deltanet	ffn	0.002692	0.003104	0.000412	0.999995	ffn_out-6	0.020448	0.999792
p4	0	attn_residual-7	7	full_attention	mixer	0.003104	0.012699	0.009595	0.999919	attn_output-7	0.016418	0.999865
p4	0	l_out-7	7	full_attention	ffn	0.012699	0.014721	0.002022	0.999892	ffn_out-7	0.022397	0.999759
p4	0	attn_residual-8	8	linear_gated_deltanet	mixer	0.014721	0.014436	-0.000285	0.999896	linear_attn_out-8	0.070040	0.997592
p4	0	l_out-8	8	linear_gated_deltanet	ffn	0.014436	0.013697	-0.000739	0.999907	ffn_out-8	0.036597	0.999332
p4	0	attn_residual-9	9	linear_gated_deltanet	mixer	0.013697	0.013687	-0.000010	0.999907	linear_attn_out-9	0.032225	0.999509
p4	0	l_out-9	9	linear_gated_deltanet	ffn	0.013687	0.013132	-0.000555	0.999914	ffn_out-9	0.043091	0.999075
p4	0	attn_residual-10	10	linear_gated_deltanet	mixer	0.013132	0.012551	-0.000581	0.999922	linear_attn_out-10	0.051777	0.998676
p4	0	l_out-10	10	linear_gated_deltanet	ffn	0.012551	0.011854	-0.000697	0.999930	ffn_out-10	0.034225	0.999420
p4	0	attn_residual-11	11	full_attention	mixer	0.011854	0.025844	0.013990	0.999666	attn_output-11	0.025497	0.999676
p4	0	l_out-11	11	full_attention	ffn	0.025844	0.032464	0.006620	0.999476	ffn_out-11	0.031153	0.999523
p4	0	attn_residual-12	12	linear_gated_deltanet	mixer	0.032464	0.034628	0.002164	0.999403	linear_attn_out-12	0.039146	0.999234
p4	0	l_out-12	12	linear_gated_deltanet	ffn	0.034628	0.037773	0.003145	0.999289	ffn_out-12	0.049525	0.998774
p4	0	attn_residual-13	13	linear_gated_deltanet	mixer	0.037773	0.038343	0.000570	0.999267	linear_attn_out-13	0.053705	0.998649
p4	0	l_out-13	13	linear_gated_deltanet	ffn	0.038343	0.036780	-0.001563	0.999326	ffn_out-13	0.053752	0.998563
p4	0	attn_residual-14	14	linear_gated_deltanet	mixer	0.036780	0.036971	0.000191	0.999318	linear_attn_out-14	0.060767	0.998227
p4	0	l_out-14	14	linear_gated_deltanet	ffn	0.036971	0.006419	-0.030552	0.999980	ffn_out-14	0.003273	0.999995
p4	0	attn_residual-15	15	full_attention	mixer	0.006419	0.045819	0.039400	0.998951	attn_output-15	0.007940	0.999969
p4	0	l_out-15	15	full_attention	ffn	0.045819	0.044122	-0.001697	0.999026	ffn_out-15	0.076463	0.997076
p4	0	attn_residual-16	16	linear_gated_deltanet	mixer	0.044122	0.045082	0.000960	0.998983	linear_attn_out-16	0.090350	0.996195
p4	0	l_out-16	16	linear_gated_deltanet	ffn	0.045082	0.044894	-0.000188	0.998993	ffn_out-16	0.087158	0.996197
p4	0	attn_residual-17	17	linear_gated_deltanet	mixer	0.044894	0.045568	0.000674	0.998963	linear_attn_out-17	0.085894	0.996392
p4	0	l_out-17	17	linear_gated_deltanet	ffn	0.045568	0.047862	0.002294	0.998857	ffn_out-17	0.088220	0.996104
p4	0	attn_residual-18	18	linear_gated_deltanet	mixer	0.047862	0.043621	-0.004241	0.999057	linear_attn_out-18	0.045690	0.999033
p4	0	l_out-18	18	linear_gated_deltanet	ffn	0.043621	0.040289	-0.003332	0.999221	ffn_out-18	0.052980	0.998715
p4	0	attn_residual-19	19	full_attention	mixer	0.040289	0.048955	0.008666	0.998820	attn_output-19	0.052503	0.998731
p4	0	l_out-19	19	full_attention	ffn	0.048955	0.049986	0.001031	0.998765	ffn_out-19	0.075878	0.997138
p4	0	attn_residual-20	20	linear_gated_deltanet	mixer	0.049986	0.056066	0.006080	0.998443	linear_attn_out-20	0.076511	0.997124
p4	0	l_out-20	20	linear_gated_deltanet	ffn	0.056066	0.060939	0.004873	0.998153	ffn_out-20	0.100811	0.995154
p4	0	attn_residual-21	21	linear_gated_deltanet	mixer	0.060939	0.068172	0.007233	0.997676	linear_attn_out-21	0.110963	0.994020
p4	0	l_out-21	21	linear_gated_deltanet	ffn	0.068172	0.075791	0.007619	0.997126	ffn_out-21	0.112580	0.993911
p4	0	attn_residual-22	22	linear_gated_deltanet	mixer	0.075791	0.070473	-0.005318	0.997523	linear_attn_out-22	0.086031	0.996316
p4	0	l_out-22	22	linear_gated_deltanet	ffn	0.070473	0.072277	0.001804	0.997399	ffn_out-22	0.092050	0.995868
p4	0	attn_residual-23	23	full_attention	mixer	0.072277	0.063315	-0.008962	0.998021	attn_output-23	0.047862	0.998868
p4	0	l_out-23	23	full_attention	ffn	0.063315	0.070390	0.007075	0.997552	ffn_out-23	0.069124	0.997682
p4	0	result_norm	-1	-	final_norm	0.070390	0.093794	0.023404	0.995612	-	-	-
p4	1	attn_residual-0	0	linear_gated_deltanet	mixer	0.000000	0.000002	0.000002	1.000000	linear_attn_out-0	0.000002	1.000000
p4	1	l_out-0	0	linear_gated_deltanet	ffn	0.000002	0.000001	-0.000001	1.000000	ffn_out-0	0.000001	1.000000
p4	1	attn_residual-1	1	linear_gated_deltanet	mixer	0.000001	0.000001	0.000000	1.000000	linear_attn_out-1	0.000000	1.000000
p4	1	l_out-1	1	linear_gated_deltanet	ffn	0.000001	0.000001	0.000000	1.000000	ffn_out-1	0.000001	1.000000
p4	1	attn_residual-2	2	linear_gated_deltanet	mixer	0.000001	0.000001	0.000000	1.000000	linear_attn_out-2	0.000001	1.000000
p4	1	l_out-2	2	linear_gated_deltanet	ffn	0.000001	0.000001	0.000000	1.000000	ffn_out-2	0.000001	1.000000
p4	1	attn_residual-3	3	full_attention	mixer	0.000001	0.002536	0.002535	0.999997	attn_output-3	0.007835	0.999970
p4	1	l_out-3	3	full_attention	ffn	0.002536	0.010622	0.008086	0.999945	ffn_out-3	0.017371	0.999850
p4	1	attn_residual-4	4	linear_gated_deltanet	mixer	0.010622	0.012662	0.002040	0.999920	linear_attn_out-4	0.035965	0.999381
p4	1	l_out-4	4	linear_gated_deltanet	ffn	0.012662	0.018335	0.005673	0.999833	ffn_out-4	0.030187	0.999544
p4	1	attn_residual-5	5	linear_gated_deltanet	mixer	0.018335	0.022775	0.004440	0.999741	linear_attn_out-5	0.052389	0.998673
p4	1	l_out-5	5	linear_gated_deltanet	ffn	0.022775	0.026534	0.003759	0.999648	ffn_out-5	0.038094	0.999274
p4	1	attn_residual-6	6	linear_gated_deltanet	mixer	0.026534	0.027400	0.000866	0.999625	linear_attn_out-6	0.042738	0.999090
p4	1	l_out-6	6	linear_gated_deltanet	ffn	0.027400	0.029526	0.002126	0.999564	ffn_out-6	0.043217	0.999067
p4	1	attn_residual-7	7	full_attention	mixer	0.029526	0.034916	0.005390	0.999391	attn_output-7	0.034385	0.999413
p4	1	l_out-7	7	full_attention	ffn	0.034916	0.036633	0.001717	0.999330	ffn_out-7	0.056209	0.998419
p4	1	attn_residual-8	8	linear_gated_deltanet	mixer	0.036633	0.037680	0.001047	0.999291	linear_attn_out-8	0.057490	0.998347
p4	1	l_out-8	8	linear_gated_deltanet	ffn	0.037680	0.042099	0.004419	0.999115	ffn_out-8	0.066411	0.997795
p4	1	attn_residual-9	9	linear_gated_deltanet	mixer	0.042099	0.043904	0.001805	0.999038	linear_attn_out-9	0.054069	0.998541
p4	1	l_out-9	9	linear_gated_deltanet	ffn	0.043904	0.045557	0.001653	0.998962	ffn_out-9	0.071599	0.997434
p4	1	attn_residual-10	10	linear_gated_deltanet	mixer	0.045557	0.043796	-0.001761	0.999041	linear_attn_out-10	0.065111	0.997967
p4	1	l_out-10	10	linear_gated_deltanet	ffn	0.043796	0.045411	0.001615	0.998974	ffn_out-10	0.066324	0.997802
p4	1	attn_residual-11	11	full_attention	mixer	0.045411	0.048231	0.002820	0.998842	attn_output-11	0.076561	0.997096
p4	1	l_out-11	11	full_attention	ffn	0.048231	0.051318	0.003087	0.998689	ffn_out-11	0.069731	0.997567
p4	1	attn_residual-12	12	linear_gated_deltanet	mixer	0.051318	0.052131	0.000813	0.998647	linear_attn_out-12	0.085501	0.996346
p4	1	l_out-12	12	linear_gated_deltanet	ffn	0.052131	0.053885	0.001754	0.998550	ffn_out-12	0.084455	0.996428
p4	1	attn_residual-13	13	linear_gated_deltanet	mixer	0.053885	0.054038	0.000153	0.998543	linear_attn_out-13	0.076437	0.997101
p4	1	l_out-13	13	linear_gated_deltanet	ffn	0.054038	0.058313	0.004275	0.998303	ffn_out-13	0.082545	0.996591
p4	1	attn_residual-14	14	linear_gated_deltanet	mixer	0.058313	0.059172	0.000859	0.998254	linear_attn_out-14	0.091512	0.995865
p4	1	l_out-14	14	linear_gated_deltanet	ffn	0.059172	0.060812	0.001640	0.998161	ffn_out-14	0.084346	0.996500
p4	1	attn_residual-15	15	full_attention	mixer	0.060812	0.063824	0.003012	0.997977	attn_output-15	0.072042	0.997414
p4	1	l_out-15	15	full_attention	ffn	0.063824	0.060845	-0.002979	0.998158	ffn_out-15	0.074352	0.997234
p4	1	attn_residual-16	16	linear_gated_deltanet	mixer	0.060845	0.059396	-0.001449	0.998235	linear_attn_out-16	0.061865	0.998136
p4	1	l_out-16	16	linear_gated_deltanet	ffn	0.059396	0.068734	0.009338	0.997643	ffn_out-16	0.085423	0.996435
p4	1	attn_residual-17	17	linear_gated_deltanet	mixer	0.068734	0.069882	0.001148	0.997563	linear_attn_out-17	0.091058	0.995846
p4	1	l_out-17	17	linear_gated_deltanet	ffn	0.069882	0.077512	0.007630	0.996993	ffn_out-17	0.095992	0.995396
p4	1	attn_residual-18	18	linear_gated_deltanet	mixer	0.077512	0.083136	0.005624	0.996554	linear_attn_out-18	0.113436	0.994123
p4	1	l_out-18	18	linear_gated_deltanet	ffn	0.083136	0.089004	0.005868	0.996033	ffn_out-18	0.121191	0.992630
p4	1	attn_residual-19	19	full_attention	mixer	0.089004	0.095469	0.006465	0.995434	attn_output-19	0.094267	0.995625
p4	1	l_out-19	19	full_attention	ffn	0.095469	0.103971	0.008502	0.994581	ffn_out-19	0.133973	0.990985
p4	1	attn_residual-20	20	linear_gated_deltanet	mixer	0.103971	0.112716	0.008745	0.993652	linear_attn_out-20	0.152118	0.988403
p4	1	l_out-20	20	linear_gated_deltanet	ffn	0.112716	0.123665	0.010949	0.992345	ffn_out-20	0.146524	0.989224
p4	1	attn_residual-21	21	linear_gated_deltanet	mixer	0.123665	0.128373	0.004708	0.991778	linear_attn_out-21	0.172215	0.985676
p4	1	l_out-21	21	linear_gated_deltanet	ffn	0.128373	0.141175	0.012802	0.990048	ffn_out-21	0.164582	0.986457
p4	1	attn_residual-22	22	linear_gated_deltanet	mixer	0.141175	0.139836	-0.001339	0.990282	linear_attn_out-22	0.169297	0.986288
p4	1	l_out-22	22	linear_gated_deltanet	ffn	0.139836	0.138729	-0.001107	0.990392	ffn_out-22	0.148116	0.988979
p4	1	attn_residual-23	23	full_attention	mixer	0.138729	0.149764	0.011035	0.988953	attn_output-23	0.094061	0.995591
p4	1	l_out-23	23	full_attention	ffn	0.149764	0.151325	0.001561	0.988811	ffn_out-23	0.147826	0.989321
p4	1	result_norm	-1	-	final_norm	0.151325	0.150906	-0.000419	0.988633	-	-	-
p4	2	attn_residual-0	0	linear_gated_deltanet	mixer	0.000000	0.000001	0.000001	1.000000	linear_attn_out-0	0.000001	1.000000
p4	2	l_out-0	0	linear_gated_deltanet	ffn	0.000001	0.000001	0.000000	1.000000	ffn_out-0	0.000001	1.000000
p4	2	attn_residual-1	1	linear_gated_deltanet	mixer	0.000001	0.000001	0.000000	1.000000	linear_attn_out-1	0.000000	1.000000
p4	2	l_out-1	1	linear_gated_deltanet	ffn	0.000001	0.000001	0.000000	1.000000	ffn_out-1	0.000000	1.000000
p4	2	attn_residual-2	2	linear_gated_deltanet	mixer	0.000001	0.000013	0.000012	1.000000	linear_attn_out-2	0.000031	1.000000
p4	2	l_out-2	2	linear_gated_deltanet	ffn	0.000013	0.000592	0.000579	1.000000	ffn_out-2	0.000832	1.000000
p4	2	attn_residual-3	3	full_attention	mixer	0.000592	0.008370	0.007778	0.999965	attn_output-3	0.018358	0.999832
p4	2	l_out-3	3	full_attention	ffn	0.008370	0.016425	0.008055	0.999870	ffn_out-3	0.029836	0.999555
p4	2	attn_residual-4	4	linear_gated_deltanet	mixer	0.016425	0.018684	0.002259	0.999826	linear_attn_out-4	0.044017	0.999033
p4	2	l_out-4	4	linear_gated_deltanet	ffn	0.018684	0.021626	0.002942	0.999766	ffn_out-4	0.043948	0.999034
p4	2	attn_residual-5	5	linear_gated_deltanet	mixer	0.021626	0.023734	0.002108	0.999718	linear_attn_out-5	0.044781	0.999001
p4	2	l_out-5	5	linear_gated_deltanet	ffn	0.023734	0.027059	0.003325	0.999635	ffn_out-5	0.056631	0.998417
p4	2	attn_residual-6	6	linear_gated_deltanet	mixer	0.027059	0.033674	0.006615	0.999447	linear_attn_out-6	0.052863	0.998847
p4	2	l_out-6	6	linear_gated_deltanet	ffn	0.033674	0.035827	0.002153	0.999361	ffn_out-6	0.061066	0.998229
p4	2	attn_residual-7	7	full_attention	mixer	0.035827	0.040011	0.004184	0.999204	attn_output-7	0.058254	0.998308
p4	2	l_out-7	7	full_attention	ffn	0.040011	0.042764	0.002753	0.999110	ffn_out-7	0.073742	0.997377
p4	2	attn_residual-8	8	linear_gated_deltanet	mixer	0.042764	0.045352	0.002588	0.999006	linear_attn_out-8	0.082695	0.996702
p4	2	l_out-8	8	linear_gated_deltanet	ffn	0.045352	0.047464	0.002112	0.998892	ffn_out-8	0.079626	0.996986
p4	2	attn_residual-9	9	linear_gated_deltanet	mixer	0.047464	0.049371	0.001907	0.998807	linear_attn_out-9	0.081522	0.996672
p4	2	l_out-9	9	linear_gated_deltanet	ffn	0.049371	0.050079	0.000708	0.998773	ffn_out-9	0.084277	0.996518
p4	2	attn_residual-10	10	linear_gated_deltanet	mixer	0.050079	0.049336	-0.000743	0.998801	linear_attn_out-10	0.082722	0.996748
p4	2	l_out-10	10	linear_gated_deltanet	ffn	0.049336	0.049975	0.000639	0.998779	ffn_out-10	0.080299	0.996772
p4	2	attn_residual-11	11	full_attention	mixer	0.049975	0.050890	0.000915	0.998727	attn_output-11	0.078442	0.996920
p4	2	l_out-11	11	full_attention	ffn	0.050890	0.051403	0.000513	0.998697	ffn_out-11	0.082242	0.996613
p4	2	attn_residual-12	12	linear_gated_deltanet	mixer	0.051403	0.054173	0.002770	0.998542	linear_attn_out-12	0.105666	0.994458
p4	2	l_out-12	12	linear_gated_deltanet	ffn	0.054173	0.055702	0.001529	0.998451	ffn_out-12	0.098438	0.995208
p4	2	attn_residual-13	13	linear_gated_deltanet	mixer	0.055702	0.057247	0.001545	0.998366	linear_attn_out-13	0.087313	0.996190
p4	2	l_out-13	13	linear_gated_deltanet	ffn	0.057247	0.057891	0.000644	0.998326	ffn_out-13	0.093433	0.995638
p4	2	attn_residual-14	14	linear_gated_deltanet	mixer	0.057891	0.058474	0.000583	0.998289	linear_attn_out-14	0.077566	0.996988
p4	2	l_out-14	14	linear_gated_deltanet	ffn	0.058474	0.054155	-0.004319	0.998540	ffn_out-14	0.079798	0.996811
p4	2	attn_residual-15	15	full_attention	mixer	0.054155	0.056187	0.002032	0.998425	attn_output-15	0.082216	0.996683
p4	2	l_out-15	15	full_attention	ffn	0.056187	0.053310	-0.002877	0.998592	ffn_out-15	0.076412	0.997078
p4	2	attn_residual-16	16	linear_gated_deltanet	mixer	0.053310	0.054415	0.001105	0.998519	linear_attn_out-16	0.073127	0.997432
p4	2	l_out-16	16	linear_gated_deltanet	ffn	0.054415	0.054583	0.000168	0.998551	ffn_out-16	0.069019	0.997804
p4	2	attn_residual-17	17	linear_gated_deltanet	mixer	0.054583	0.055466	0.000883	0.998501	linear_attn_out-17	0.091962	0.995776
p4	2	l_out-17	17	linear_gated_deltanet	ffn	0.055466	0.057318	0.001852	0.998362	ffn_out-17	0.086076	0.996484
p4	2	attn_residual-18	18	linear_gated_deltanet	mixer	0.057318	0.057259	-0.000059	0.998371	linear_attn_out-18	0.084661	0.996490
p4	2	l_out-18	18	linear_gated_deltanet	ffn	0.057259	0.055166	-0.002093	0.998503	ffn_out-18	0.070132	0.997547
p4	2	attn_residual-19	19	full_attention	mixer	0.055166	0.061529	0.006363	0.998137	attn_output-19	0.062425	0.998116
p4	2	l_out-19	19	full_attention	ffn	0.061529	0.063197	0.001668	0.998015	ffn_out-19	0.087233	0.996218
p4	2	attn_residual-20	20	linear_gated_deltanet	mixer	0.063197	0.064600	0.001403	0.997924	linear_attn_out-20	0.106909	0.994376
p4	2	l_out-20	20	linear_gated_deltanet	ffn	0.064600	0.066756	0.002156	0.997784	ffn_out-20	0.093709	0.995622
p4	2	attn_residual-21	21	linear_gated_deltanet	mixer	0.066756	0.075722	0.008966	0.997147	linear_attn_out-21	0.144903	0.989562
p4	2	l_out-21	21	linear_gated_deltanet	ffn	0.075722	0.077383	0.001661	0.997005	ffn_out-21	0.101222	0.994913
p4	2	attn_residual-22	22	linear_gated_deltanet	mixer	0.077383	0.080193	0.002810	0.996779	linear_attn_out-22	0.126254	0.992365
p4	2	l_out-22	22	linear_gated_deltanet	ffn	0.080193	0.082654	0.002461	0.996579	ffn_out-22	0.096944	0.995318
p4	2	attn_residual-23	23	full_attention	mixer	0.082654	0.091652	0.008998	0.995792	attn_output-23	0.071774	0.997430
p4	2	l_out-23	23	full_attention	ffn	0.091652	0.092633	0.000981	0.995703	ffn_out-23	0.081891	0.996827
p4	2	result_norm	-1	-	final_norm	0.092633	0.093856	0.001223	0.995601	-	-	-
p4	3	attn_residual-0	0	linear_gated_deltanet	mixer	0.000000	0.000001	0.000001	1.000000	linear_attn_out-0	0.000001	1.000000
p4	3	l_out-0	0	linear_gated_deltanet	ffn	0.000001	0.000235	0.000234	1.000000	ffn_out-0	0.000451	1.000000
p4	3	attn_residual-1	1	linear_gated_deltanet	mixer	0.000235	0.002755	0.002520	0.999996	linear_attn_out-1	0.005889	0.999983
p4	3	l_out-1	1	linear_gated_deltanet	ffn	0.002755	0.011553	0.008798	0.999933	ffn_out-1	0.017678	0.999844
p4	3	attn_residual-2	2	linear_gated_deltanet	mixer	0.011553	0.014150	0.002597	0.999900	linear_attn_out-2	0.023414	0.999728
p4	3	l_out-2	2	linear_gated_deltanet	ffn	0.014150	0.026157	0.012007	0.999659	ffn_out-2	0.030748	0.999535
p4	3	attn_residual-3	3	full_attention	mixer	0.026157	0.031025	0.004868	0.999519	attn_output-3	0.041841	0.999128
p4	3	l_out-3	3	full_attention	ffn	0.031025	0.041159	0.010134	0.999162	ffn_out-3	0.054565	0.998515
p4	3	attn_residual-4	4	linear_gated_deltanet	mixer	0.041159	0.041155	-0.000004	0.999154	linear_attn_out-4	0.059037	0.998272
p4	3	l_out-4	4	linear_gated_deltanet	ffn	0.041155	0.052058	0.010903	0.998653	ffn_out-4	0.071401	0.997482
p4	3	attn_residual-5	5	linear_gated_deltanet	mixer	0.052058	0.054681	0.002623	0.998510	linear_attn_out-5	0.071859	0.997419
p4	3	l_out-5	5	linear_gated_deltanet	ffn	0.054681	0.057027	0.002346	0.998382	ffn_out-5	0.081888	0.996642
p4	3	attn_residual-6	6	linear_gated_deltanet	mixer	0.057027	0.054777	-0.002250	0.998500	linear_attn_out-6	0.066090	0.997919
p4	3	l_out-6	6	linear_gated_deltanet	ffn	0.054777	0.057814	0.003037	0.998331	ffn_out-6	0.083233	0.996533
p4	3	attn_residual-7	7	full_attention	mixer	0.057814	0.063177	0.005363	0.998017	attn_output-7	0.073452	0.997337
p4	3	l_out-7	7	full_attention	ffn	0.063177	0.070239	0.007062	0.997551	ffn_out-7	0.096801	0.995304
p4	3	attn_residual-8	8	linear_gated_deltanet	mixer	0.070239	0.069700	-0.000539	0.997595	linear_attn_out-8	0.109632	0.994199
p4	3	l_out-8	8	linear_gated_deltanet	ffn	0.069700	0.074698	0.004998	0.997231	ffn_out-8	0.117852	0.993113
p4	3	attn_residual-9	9	linear_gated_deltanet	mixer	0.074698	0.074161	-0.000537	0.997251	linear_attn_out-9	0.126255	0.992169
p4	3	l_out-9	9	linear_gated_deltanet	ffn	0.074161	0.074733	0.000572	0.997211	ffn_out-9	0.134354	0.991043
p4	3	attn_residual-10	10	linear_gated_deltanet	mixer	0.074733	0.071999	-0.002734	0.997406	linear_attn_out-10	0.099925	0.995018
p4	3	l_out-10	10	linear_gated_deltanet	ffn	0.071999	0.075580	0.003581	0.997141	ffn_out-10	0.100631	0.994926
p4	3	attn_residual-11	11	full_attention	mixer	0.075580	0.079447	0.003867	0.996846	attn_output-11	0.089226	0.996012
p4	3	l_out-11	11	full_attention	ffn	0.079447	0.083806	0.004359	0.996491	ffn_out-11	0.127644	0.992028
p4	3	attn_residual-12	12	linear_gated_deltanet	mixer	0.083806	0.080769	-0.003037	0.996734	linear_attn_out-12	0.127089	0.992744
p4	3	l_out-12	12	linear_gated_deltanet	ffn	0.080769	0.081650	0.000881	0.996661	ffn_out-12	0.126715	0.991941
p4	3	attn_residual-13	13	linear_gated_deltanet	mixer	0.081650	0.077381	-0.004269	0.997003	linear_attn_out-13	0.078324	0.996988
p4	3	l_out-13	13	linear_gated_deltanet	ffn	0.077381	0.080823	0.003442	0.996729	ffn_out-13	0.120134	0.992834
p4	3	attn_residual-14	14	linear_gated_deltanet	mixer	0.080823	0.079344	-0.001479	0.996849	linear_attn_out-14	0.073861	0.997269
p4	3	l_out-14	14	linear_gated_deltanet	ffn	0.079344	0.078144	-0.001200	0.996948	ffn_out-14	0.092628	0.995709
p4	3	attn_residual-15	15	full_attention	mixer	0.078144	0.083872	0.005728	0.996485	attn_output-15	0.096964	0.995389
p4	3	l_out-15	15	full_attention	ffn	0.083872	0.082776	-0.001096	0.996570	ffn_out-15	0.102773	0.994706
p4	3	attn_residual-16	16	linear_gated_deltanet	mixer	0.082776	0.080685	-0.002091	0.996742	linear_attn_out-16	0.092665	0.995850
p4	3	l_out-16	16	linear_gated_deltanet	ffn	0.080685	0.080160	-0.000525	0.996784	ffn_out-16	0.112138	0.993693
p4	3	attn_residual-17	17	linear_gated_deltanet	mixer	0.080160	0.076247	-0.003913	0.997093	linear_attn_out-17	0.087656	0.996414
p4	3	l_out-17	17	linear_gated_deltanet	ffn	0.076247	0.075129	-0.001118	0.997174	ffn_out-17	0.089985	0.995946
p4	3	attn_residual-18	18	linear_gated_deltanet	mixer	0.075129	0.071790	-0.003339	0.997424	linear_attn_out-18	0.087208	0.996249
p4	3	l_out-18	18	linear_gated_deltanet	ffn	0.071790	0.070811	-0.000979	0.997496	ffn_out-18	0.107919	0.994248
p4	3	attn_residual-19	19	full_attention	mixer	0.070811	0.073069	0.002258	0.997336	attn_output-19	0.112448	0.993749
p4	3	l_out-19	19	full_attention	ffn	0.073069	0.077412	0.004343	0.997013	ffn_out-19	0.100762	0.995037
p4	3	attn_residual-20	20	linear_gated_deltanet	mixer	0.077412	0.071867	-0.005545	0.997423	linear_attn_out-20	0.087772	0.996149
p4	3	l_out-20	20	linear_gated_deltanet	ffn	0.071867	0.074117	0.002250	0.997264	ffn_out-20	0.106549	0.994522
p4	3	attn_residual-21	21	linear_gated_deltanet	mixer	0.074117	0.073107	-0.001010	0.997333	linear_attn_out-21	0.114497	0.993543
p4	3	l_out-21	21	linear_gated_deltanet	ffn	0.073107	0.072287	-0.000820	0.997403	ffn_out-21	0.087200	0.996446
p4	3	attn_residual-22	22	linear_gated_deltanet	mixer	0.072287	0.073716	0.001429	0.997317	linear_attn_out-22	0.107712	0.994518
p4	3	l_out-22	22	linear_gated_deltanet	ffn	0.073716	0.075758	0.002042	0.997180	ffn_out-22	0.089373	0.995999
p4	3	attn_residual-23	23	full_attention	mixer	0.075758	0.077945	0.002187	0.997010	attn_output-23	0.078191	0.996952
p4	3	l_out-23	23	full_attention	ffn	0.077945	0.084116	0.006171	0.996747	ffn_out-23	0.069817	0.998014
p4	3	result_norm	-1	-	final_norm	0.084116	0.087119	0.003003	0.996198	-	-	-
orig	4	attn_residual-0	0	linear_gated_deltanet	mixer	0.000000	0.000000	0.000000	1.000000	linear_attn_out-0	0.000000	1.000000
orig	4	l_out-0	0	linear_gated_deltanet	ffn	0.000000	0.000000	0.000000	1.000000	ffn_out-0	0.000000	1.000000
orig	4	attn_residual-1	1	linear_gated_deltanet	mixer	0.000000	0.000000	0.000000	1.000000	linear_attn_out-1	0.000001	1.000000
orig	4	l_out-1	1	linear_gated_deltanet	ffn	0.000000	0.000001	0.000001	1.000000	ffn_out-1	0.000000	1.000000
orig	4	attn_residual-2	2	linear_gated_deltanet	mixer	0.000001	0.002427	0.002426	0.999997	linear_attn_out-2	0.006105	0.999981
orig	4	l_out-2	2	linear_gated_deltanet	ffn	0.002427	0.014620	0.012193	0.999898	ffn_out-2	0.020970	0.999782
orig	4	attn_residual-3	3	full_attention	mixer	0.014620	0.021229	0.006609	0.999791	attn_output-3	0.043846	0.999229
orig	4	l_out-3	3	full_attention	ffn	0.021229	0.024324	0.003095	0.999709	ffn_out-3	0.041152	0.999158
orig	4	attn_residual-4	4	linear_gated_deltanet	mixer	0.024324	0.024184	-0.000140	0.999709	linear_attn_out-4	0.039074	0.999262
orig	4	l_out-4	4	linear_gated_deltanet	ffn	0.024184	0.026213	0.002029	0.999658	ffn_out-4	0.047101	0.998899
orig	4	attn_residual-5	5	linear_gated_deltanet	mixer	0.026213	0.025150	-0.001063	0.999685	linear_attn_out-5	0.044070	0.999031
orig	4	l_out-5	5	linear_gated_deltanet	ffn	0.025150	0.027435	0.002285	0.999625	ffn_out-5	0.052061	0.998648
orig	4	attn_residual-6	6	linear_gated_deltanet	mixer	0.027435	0.027857	0.000422	0.999619	linear_attn_out-6	0.056123	0.998434
orig	4	l_out-6	6	linear_gated_deltanet	ffn	0.027857	0.027172	-0.000685	0.999650	ffn_out-6	0.048709	0.998819
orig	4	attn_residual-7	7	full_attention	mixer	0.027172	0.033766	0.006594	0.999446	attn_output-7	0.064458	0.997952
orig	4	l_out-7	7	full_attention	ffn	0.033766	0.031903	-0.001863	0.999492	ffn_out-7	0.069652	0.997576
orig	4	attn_residual-8	8	linear_gated_deltanet	mixer	0.031903	0.031939	0.000036	0.999490	linear_attn_out-8	0.062509	0.998058
orig	4	l_out-8	8	linear_gated_deltanet	ffn	0.031939	0.031894	-0.000045	0.999499	ffn_out-8	0.067720	0.997730
orig	4	attn_residual-9	9	linear_gated_deltanet	mixer	0.031894	0.031900	0.000006	0.999497	linear_attn_out-9	0.066196	0.997860
orig	4	l_out-9	9	linear_gated_deltanet	ffn	0.031900	0.031418	-0.000482	0.999509	ffn_out-9	0.061342	0.998124
orig	4	attn_residual-10	10	linear_gated_deltanet	mixer	0.031418	0.032028	0.000610	0.999491	linear_attn_out-10	0.057865	0.998406
orig	4	l_out-10	10	linear_gated_deltanet	ffn	0.032028	0.030744	-0.001284	0.999533	ffn_out-10	0.056492	0.998405
orig	4	attn_residual-11	11	full_attention	mixer	0.030744	0.037053	0.006309	0.999321	attn_output-11	0.102628	0.994793
orig	4	l_out-11	11	full_attention	ffn	0.037053	0.035333	-0.001720	0.999380	ffn_out-11	0.082668	0.996577
orig	4	attn_residual-12	12	linear_gated_deltanet	mixer	0.035333	0.034502	-0.000831	0.999408	linear_attn_out-12	0.060625	0.998161
orig	4	l_out-12	12	linear_gated_deltanet	ffn	0.034502	0.032770	-0.001732	0.999464	ffn_out-12	0.067250	0.997777
orig	4	attn_residual-13	13	linear_gated_deltanet	mixer	0.032770	0.032000	-0.000770	0.999488	linear_attn_out-13	0.054646	0.998592
orig	4	l_out-13	13	linear_gated_deltanet	ffn	0.032000	0.031593	-0.000407	0.999501	ffn_out-13	0.058956	0.998268
orig	4	attn_residual-14	14	linear_gated_deltanet	mixer	0.031593	0.031276	-0.000317	0.999511	linear_attn_out-14	0.049013	0.998860
orig	4	l_out-14	14	linear_gated_deltanet	ffn	0.031276	0.029252	-0.002024	0.999573	ffn_out-14	0.043248	0.999066
orig	4	attn_residual-15	15	full_attention	mixer	0.029252	0.030566	0.001314	0.999533	attn_output-15	0.048741	0.998844
orig	4	l_out-15	15	full_attention	ffn	0.030566	0.029651	-0.000915	0.999562	ffn_out-15	0.040227	0.999224
orig	4	attn_residual-16	16	linear_gated_deltanet	mixer	0.029651	0.030022	0.000371	0.999549	linear_attn_out-16	0.056772	0.998468
orig	4	l_out-16	16	linear_gated_deltanet	ffn	0.030022	0.030646	0.000624	0.999532	ffn_out-16	0.050244	0.998738
orig	4	attn_residual-17	17	linear_gated_deltanet	mixer	0.030646	0.029625	-0.001021	0.999566	linear_attn_out-17	0.038995	0.999246
orig	4	l_out-17	17	linear_gated_deltanet	ffn	0.029625	0.028896	-0.000729	0.999586	ffn_out-17	0.040903	0.999167
orig	4	attn_residual-18	18	linear_gated_deltanet	mixer	0.028896	0.028250	-0.000646	0.999605	linear_attn_out-18	0.040303	0.999188
orig	4	l_out-18	18	linear_gated_deltanet	ffn	0.028250	0.028147	-0.000103	0.999613	ffn_out-18	0.040836	0.999166
orig	4	attn_residual-19	19	full_attention	mixer	0.028147	0.031643	0.003496	0.999511	attn_output-19	0.060055	0.998196
orig	4	l_out-19	19	full_attention	ffn	0.031643	0.033361	0.001718	0.999448	ffn_out-19	0.049833	0.998835
orig	4	attn_residual-20	20	linear_gated_deltanet	mixer	0.033361	0.032087	-0.001274	0.999509	linear_attn_out-20	0.038851	0.999300
orig	4	l_out-20	20	linear_gated_deltanet	ffn	0.032087	0.033331	0.001244	0.999460	ffn_out-20	0.057633	0.998430
orig	4	attn_residual-21	21	linear_gated_deltanet	mixer	0.033331	0.032361	-0.000970	0.999499	linear_attn_out-21	0.049165	0.998810
orig	4	l_out-21	21	linear_gated_deltanet	ffn	0.032361	0.033914	0.001553	0.999442	ffn_out-21	0.053411	0.998592
orig	4	attn_residual-22	22	linear_gated_deltanet	mixer	0.033914	0.033501	-0.000413	0.999464	linear_attn_out-22	0.050281	0.998762
orig	4	l_out-22	22	linear_gated_deltanet	ffn	0.033501	0.032070	-0.001431	0.999486	ffn_out-22	0.057373	0.998361
orig	4	attn_residual-23	23	full_attention	mixer	0.032070	0.035961	0.003891	0.999355	attn_output-23	0.045761	0.998966
orig	4	l_out-23	23	full_attention	ffn	0.035961	0.036495	0.000534	0.999354	ffn_out-23	0.027281	0.999706
orig	4	result_norm	-1	-	final_norm	0.036495	0.039121	0.002626	0.999235	-	-	-
orig	28	attn_residual-0	0	linear_gated_deltanet	mixer	0.000000	0.000001	0.000001	1.000000	linear_attn_out-0	0.000001	1.000000
orig	28	l_out-0	0	linear_gated_deltanet	ffn	0.000001	0.000001	0.000000	1.000000	ffn_out-0	0.000001	1.000000
orig	28	attn_residual-1	1	linear_gated_deltanet	mixer	0.000001	0.000115	0.000114	1.000000	linear_attn_out-1	0.000179	1.000000
orig	28	l_out-1	1	linear_gated_deltanet	ffn	0.000115	0.006023	0.005908	0.999982	ffn_out-1	0.008911	0.999961
orig	28	attn_residual-2	2	linear_gated_deltanet	mixer	0.006023	0.014734	0.008711	0.999892	linear_attn_out-2	0.032033	0.999492
orig	28	l_out-2	2	linear_gated_deltanet	ffn	0.014734	0.027309	0.012575	0.999629	ffn_out-2	0.034208	0.999462
orig	28	attn_residual-3	3	full_attention	mixer	0.027309	0.030749	0.003440	0.999528	attn_output-3	0.044835	0.998995
orig	28	l_out-3	3	full_attention	ffn	0.030749	0.034514	0.003765	0.999407	ffn_out-3	0.055611	0.998511
orig	28	attn_residual-4	4	linear_gated_deltanet	mixer	0.034514	0.035982	0.001468	0.999355	linear_attn_out-4	0.058702	0.998291
orig	28	l_out-4	4	linear_gated_deltanet	ffn	0.035982	0.041573	0.005591	0.999151	ffn_out-4	0.065693	0.997903
orig	28	attn_residual-5	5	linear_gated_deltanet	mixer	0.041573	0.041343	-0.000230	0.999154	linear_attn_out-5	0.075650	0.997134
orig	28	l_out-5	5	linear_gated_deltanet	ffn	0.041343	0.042638	0.001295	0.999091	ffn_out-5	0.082979	0.996575
orig	28	attn_residual-6	6	linear_gated_deltanet	mixer	0.042638	0.041193	-0.001445	0.999154	linear_attn_out-6	0.073458	0.997317
orig	28	l_out-6	6	linear_gated_deltanet	ffn	0.041193	0.042524	0.001331	0.999104	ffn_out-6	0.085284	0.996362
orig	28	attn_residual-7	7	full_attention	mixer	0.042524	0.045326	0.002802	0.998982	attn_output-7	0.065037	0.997889
orig	28	l_out-7	7	full_attention	ffn	0.045326	0.042384	-0.002942	0.999103	ffn_out-7	0.081025	0.996712
orig	28	attn_residual-8	8	linear_gated_deltanet	mixer	0.042384	0.044494	0.002110	0.999012	linear_attn_out-8	0.087187	0.996237
orig	28	l_out-8	8	linear_gated_deltanet	ffn	0.044494	0.043784	-0.000710	0.999045	ffn_out-8	0.088717	0.996074
orig	28	attn_residual-9	9	linear_gated_deltanet	mixer	0.043784	0.042378	-0.001406	0.999102	linear_attn_out-9	0.073322	0.997413
orig	28	l_out-9	9	linear_gated_deltanet	ffn	0.042378	0.041296	-0.001082	0.999154	ffn_out-9	0.089435	0.996022
orig	28	attn_residual-10	10	linear_gated_deltanet	mixer	0.041296	0.040546	-0.000750	0.999188	linear_attn_out-10	0.064573	0.997927
orig	28	l_out-10	10	linear_gated_deltanet	ffn	0.040546	0.039780	-0.000766	0.999227	ffn_out-10	0.067082	0.997754
orig	28	attn_residual-11	11	full_attention	mixer	0.039780	0.041924	0.002144	0.999124	attn_output-11	0.084612	0.996544
orig	28	l_out-11	11	full_attention	ffn	0.041924	0.040529	-0.001395	0.999181	ffn_out-11	0.079845	0.996818
orig	28	attn_residual-12	12	linear_gated_deltanet	mixer	0.040529	0.038623	-0.001906	0.999254	linear_attn_out-12	0.051995	0.998716
orig	28	l_out-12	12	linear_gated_deltanet	ffn	0.038623	0.037917	-0.000706	0.999282	ffn_out-12	0.069042	0.997614
orig	28	attn_residual-13	13	linear_gated_deltanet	mixer	0.037917	0.037246	-0.000671	0.999309	linear_attn_out-13	0.063952	0.997954
orig	28	l_out-13	13	linear_gated_deltanet	ffn	0.037246	0.038797	0.001551	0.999252	ffn_out-13	0.062551	0.998042
orig	28	attn_residual-14	14	linear_gated_deltanet	mixer	0.038797	0.043235	0.004438	0.999065	linear_attn_out-14	0.060867	0.998148
orig	28	l_out-14	14	linear_gated_deltanet	ffn	0.043235	0.041218	-0.002017	0.999153	ffn_out-14	0.056570	0.998540
orig	28	attn_residual-15	15	full_attention	mixer	0.041218	0.042416	0.001198	0.999101	attn_output-15	0.058742	0.998276
orig	28	l_out-15	15	full_attention	ffn	0.042416	0.040334	-0.002082	0.999188	ffn_out-15	0.066410	0.997793
orig	28	attn_residual-16	16	linear_gated_deltanet	mixer	0.040334	0.039963	-0.000371	0.999203	linear_attn_out-16	0.056513	0.998405
orig	28	l_out-16	16	linear_gated_deltanet	ffn	0.039963	0.039591	-0.000372	0.999216	ffn_out-16	0.054186	0.998532
orig	28	attn_residual-17	17	linear_gated_deltanet	mixer	0.039591	0.039141	-0.000450	0.999234	linear_attn_out-17	0.059212	0.998251
orig	28	l_out-17	17	linear_gated_deltanet	ffn	0.039141	0.039674	0.000533	0.999214	ffn_out-17	0.067407	0.997730
orig	28	attn_residual-18	18	linear_gated_deltanet	mixer	0.039674	0.037742	-0.001932	0.999294	linear_attn_out-18	0.040033	0.999217
orig	28	l_out-18	18	linear_gated_deltanet	ffn	0.037742	0.039123	0.001381	0.999239	ffn_out-18	0.066525	0.997811
orig	28	attn_residual-19	19	full_attention	mixer	0.039123	0.039284	0.000161	0.999229	attn_output-19	0.070079	0.997567
orig	28	l_out-19	19	full_attention	ffn	0.039284	0.045809	0.006525	0.998951	ffn_out-19	0.060002	0.998305
orig	28	attn_residual-20	20	linear_gated_deltanet	mixer	0.045809	0.038250	-0.007559	0.999270	linear_attn_out-20	0.035574	0.999387
orig	28	l_out-20	20	linear_gated_deltanet	ffn	0.038250	0.041286	0.003036	0.999147	ffn_out-20	0.077389	0.997277
orig	28	attn_residual-21	21	linear_gated_deltanet	mixer	0.041286	0.039004	-0.002282	0.999240	linear_attn_out-21	0.054869	0.998549
orig	28	l_out-21	21	linear_gated_deltanet	ffn	0.039004	0.041707	0.002703	0.999130	ffn_out-21	0.060955	0.998154
orig	28	attn_residual-22	22	linear_gated_deltanet	mixer	0.041707	0.039820	-0.001887	0.999207	linear_attn_out-22	0.063515	0.997994
orig	28	l_out-22	22	linear_gated_deltanet	ffn	0.039820	0.042403	0.002583	0.999103	ffn_out-22	0.055727	0.998455
orig	28	attn_residual-23	23	full_attention	mixer	0.042403	0.044717	0.002314	0.999000	attn_output-23	0.040679	0.999175
orig	28	l_out-23	23	full_attention	ffn	0.044717	0.046125	0.001408	0.998955	ffn_out-23	0.030411	0.999579
orig	28	result_norm	-1	-	final_norm	0.046125	0.049288	0.003163	0.998785	-	-	-
# largest step p4 pos 0: attn_residual-15 (layer 15 full_attention, mixer) rel_l2 0.006419 -> 0.045819 step 0.039400
# largest step p4 pos 1: l_out-21 (layer 21 linear_gated_deltanet, ffn) rel_l2 0.128373 -> 0.141175 step 0.012802
# largest step p4 pos 2: attn_residual-23 (layer 23 full_attention, mixer) rel_l2 0.082654 -> 0.091652 step 0.008998
# largest step p4 pos 3: l_out-2 (layer 2 linear_gated_deltanet, ffn) rel_l2 0.014150 -> 0.026157 step 0.012007
# largest step orig pos 4: l_out-2 (layer 2 linear_gated_deltanet, ffn) rel_l2 0.002427 -> 0.014620 step 0.012193
# largest step orig pos 28: l_out-2 (layer 2 linear_gated_deltanet, ffn) rel_l2 0.014734 -> 0.027309 step 0.012575
# at l_out-21: p4 pos 0 step 0.007619 rank 6/49 (largest there: attn_residual-15 0.039400)
# at l_out-21: p4 pos 1 step 0.012802 rank 1/49 (largest there: l_out-21 0.012802)
# at l_out-21: p4 pos 2 step 0.001661 rank 24/49 (largest there: attn_residual-23 0.008998)
# at l_out-21: p4 pos 3 step -0.000820 rank 35/49 (largest there: l_out-2 0.012007)
# at l_out-21: orig pos 4 step 0.001553 rank 13/49 (largest there: l_out-2 0.012193)
# at l_out-21: orig pos 28 step 0.002703 rank 12/49 (largest there: l_out-2 0.012575)
# excess p4 pos 1 at l_out-16 (layer 16 linear_gated_deltanet, ffn): ref step 0.009338, max other step 0.000624, excess 0.008714
# excess p4 pos 1 at l_out-20 (layer 20 linear_gated_deltanet, ffn): ref step 0.010949, max other step 0.004873, excess 0.006076
# excess p4 pos 1 at attn_residual-18 (layer 18 linear_gated_deltanet, mixer): ref step 0.005624, max other step -0.000059, excess 0.005683
# excess p4 pos 1 at l_out-17 (layer 17 linear_gated_deltanet, ffn): ref step 0.007630, max other step 0.002294, excess 0.005336
# excess p4 pos 1 at l_out-21 (layer 21 linear_gated_deltanet, ffn): ref step 0.012802, max other step 0.007619, excess 0.005183
# excess p4 pos 1 at l_out-18 (layer 18 linear_gated_deltanet, ffn): ref step 0.005868, max other step 0.001381, excess 0.004487
# excess p4 pos 1 at l_out-14 (layer 14 linear_gated_deltanet, ffn): ref step 0.001640, max other step -0.001200, excess 0.002840
# excess p4 pos 1 at attn_residual-20 (layer 20 linear_gated_deltanet, mixer): ref step 0.008745, max other step 0.006080, excess 0.002665
