name	layer	pos	n	file	sha256
model.input_embed	-1	4	1024	pos4/model.input_embed.f32	91c6f7d1de8e6d3f264160fa5da502086bf667fc541cc1133a6382f5895bd1ca
attn_norm	0	4	1024	pos4/attn_norm-0.f32	4264c424d689a47e39c7076331efc8ab68995d379c9c0eb3342c1ee294111cb3
conv_output_silu	0	4	6144	pos4/conv_output_silu-0.f32	9e3a044e50d923d540e556c7e243e6c7f88dbf87fb44a31fad920e909533dbd6
q_conv_predelta	0	4	2048	pos4/q_conv_predelta-0.f32	3de05097a04cecdbe2592d8abf66e84839c701452ff6e3f07eeae8f9fabce98a
k_conv_predelta	0	4	2048	pos4/k_conv_predelta-0.f32	468d7e032cb362d5d99dcecb633ee41f505c257b3257272d38605d6f60889b29
v_conv_predelta	0	4	2048	pos4/v_conv_predelta-0.f32	9dc3ed42db011d2257e5bbbdbc1747db8fb4498089f2ff0022bc3b22f0a24802
a_softplus	0	4	16	pos4/a_softplus-0.f32	0dbcfaa8a64f9b109fdd0ffbbf41d3d54c37ad937373943bfd7c598fd19f8b23
gate	0	4	16	pos4/gate-0.f32	1cd2fbadbcf9328ec70e5edaa72f60b3ae75ffb09e5c259497844f7b5ff525ed
beta_sigmoid	0	4	16	pos4/beta_sigmoid-0.f32	6b488bf18c0775b9042a9fc2a5f6da8d738e5f0077aaf07642ce5437a6bbe3d5
z	0	4	2048	pos4/z-0.f32	6c4e81c91b4b8d2c3d4c33214484738faa9b9a51b141fa4a99f8ef0daea3f552
state_predelta	0	4	262144	pos4/state_predelta-0.f32	1ba421dbc090c3a520878b0a9e314bccf462ef315c0c1b49b9db2d0158aec358
attn_output	0	4	2048	pos4/attn_output-0.f32	eb2a5ff50f4c9010bff1c90d48dbe1bee200350488f9a1d182c8303fbde0faf7
new_state	0	4	262144	pos4/new_state-0.f32	3b3555aa7ec3110d4dd2974cb854e6572fdc2e83b87c685710eed5e9532e98cd
final_output	0	4	2048	pos4/final_output-0.f32	bfa54923e44b449f28939b66bb451fd4fd5ec5cf4caf83e16b7599682472abe8
linear_attn_out	0	4	1024	pos4/linear_attn_out-0.f32	27d37728d1e3667bea7c3150dc68373ecc60a946487b9cbeffeb72d9ba6a90cb
attn_residual	0	4	1024	pos4/attn_residual-0.f32	cd67f874eabec033e448b672aef0013d80eacfb1ea8683e9f2ccea8416bc378f
attn_post_norm	0	4	1024	pos4/attn_post_norm-0.f32	2b5069d28229762e1581cac7232c0678e353907f4990c5d7c4c581be44c3a052
ffn_out	0	4	1024	pos4/ffn_out-0.f32	12150ea12eb094195538f0f407c4d046574065eef38b55ba6962eae5273595d9
l_out	0	4	1024	pos4/l_out-0.f32	35cc4168ba80b00fc885bf333151bdb39c4aef5aafa5b6c7aea94fb13bfcf5a9
attn_norm	1	4	1024	pos4/attn_norm-1.f32	c880efd19d73c587dee5474ebd46826476290fab8279362dece361b5f80bfe49
conv_output_silu	1	4	6144	pos4/conv_output_silu-1.f32	828ace9dbdc682f8bc08005b44a7cc698ea9975b9a6401bdeb4bad1fa3449340
q_conv_predelta	1	4	2048	pos4/q_conv_predelta-1.f32	93f5ea1e76ed462b993d59e260a9892279d47d8649e1bcd4e0739e64809e4049
k_conv_predelta	1	4	2048	pos4/k_conv_predelta-1.f32	4abd9117ffd904ee00ed9a6baff3183053a4283a8b7f8c33e838e60e1027fd73
v_conv_predelta	1	4	2048	pos4/v_conv_predelta-1.f32	5cfe331552b40eebeeb95a4a20822b6ab40315ebabdbc27e2e6628b1f00c111a
a_softplus	1	4	16	pos4/a_softplus-1.f32	425e0060a7d0e1981e711526a72435d2f7f26fe95bdf91685ce77696b50c8091
gate	1	4	16	pos4/gate-1.f32	b8e1277ce72d467d5e06a53801e0624c090019707018e7af934518a4654be301
beta_sigmoid	1	4	16	pos4/beta_sigmoid-1.f32	8086fb2daf534badcd8e34819ddeba6b0824f28042ac3b4b13172e46bbefbe4f
z	1	4	2048	pos4/z-1.f32	fe2824925e82cd6849b0c48852951261006527e80f623d17c60a38d4ef2cc42a
state_predelta	1	4	262144	pos4/state_predelta-1.f32	c76858eb535b3238f311f9faa714fe249b5862683474d46d3727b0c6222c7cc6
attn_output	1	4	2048	pos4/attn_output-1.f32	fa40dbfbc9c476c50b6ecf05d3f89d3be306a01de64bcb408bd83db3ee6c94d2
new_state	1	4	262144	pos4/new_state-1.f32	2dd6147a603d16701e46b955fa2d084b694f3f6856794a3223acfa98a2b4d0b4
final_output	1	4	2048	pos4/final_output-1.f32	df7f6c92f97394cabdc12d34e2219ea4a0e07835fe58e4b9f41fcdaf92aaae47
linear_attn_out	1	4	1024	pos4/linear_attn_out-1.f32	cb2d6cb0f1856198fa4e8e6f88c81a42cd0395777bb525deabe728cdb77f42c8
attn_residual	1	4	1024	pos4/attn_residual-1.f32	aac32381904d7673e06569881fd3399297e2bf0a86ba49d2b5cd132f8f150ae2
attn_post_norm	1	4	1024	pos4/attn_post_norm-1.f32	35ae021a94a457da62bcd06dbdcb513a2304f3ae9fa9ae0f911a48e5fb7ff7d8
ffn_out	1	4	1024	pos4/ffn_out-1.f32	984fdac2bb8c09ecf992105b27e819d700197d68c7ac4e4200ba1fef70b6db8b
l_out	1	4	1024	pos4/l_out-1.f32	a5e3cfc6122b9486c5a5027c10495c3929079d2cf657be2824ee1fa2736fa1f1
attn_norm	2	4	1024	pos4/attn_norm-2.f32	d43189855b1befaecab32789dbaf12dc7df7da29949eb75a2e4dcbfff158318e
conv_output_silu	2	4	6144	pos4/conv_output_silu-2.f32	8bab2dfcd99b4bb71d952f032c71a3b495ea5dad473bbd255520ed92f5ddabcd
q_conv_predelta	2	4	2048	pos4/q_conv_predelta-2.f32	ec216fb0dd1b85950bd3ff6c8515ef9e73654d876aedb975927ef099fd838714
k_conv_predelta	2	4	2048	pos4/k_conv_predelta-2.f32	919b2f7d9e90b4768329964b5ba437ed8244f3346aa8f6be157d81c4bced52a9
v_conv_predelta	2	4	2048	pos4/v_conv_predelta-2.f32	8fc2474c33689ad1da5707e11b45be31b358fa05741ad4f6b3dfc7eaa3090b41
a_softplus	2	4	16	pos4/a_softplus-2.f32	97f8de1feef116e453297236e1c23d6f80b961021964e2b2b28d2214d0eec5e4
gate	2	4	16	pos4/gate-2.f32	a6b40e466b7e0be62108b492f9b9d9144fc9b8cb3a746777f04cd0fd1e457b0e
beta_sigmoid	2	4	16	pos4/beta_sigmoid-2.f32	e49fc287f33bc673bde7d71bdb86a1145b13263a2f223699d3142c15be2a3f28
z	2	4	2048	pos4/z-2.f32	ea5ff17cba20cdcfcedb3f69b3f52b009fe77e0ed00dfe7dbf09f87460fa33f6
state_predelta	2	4	262144	pos4/state_predelta-2.f32	fcbdeedaa5c6022f72f7a22b7bab9a4374e5ddb200ac02156b67a60719f7a59a
attn_output	2	4	2048	pos4/attn_output-2.f32	61b1e515b0045e0878f1ba802cf53f0673f216d0e1b80f7bd54ceea4d540255e
new_state	2	4	262144	pos4/new_state-2.f32	d3bd3c0f874bf6f593a44664dd2389a80a11023f78e513a7656ea05297492066
final_output	2	4	2048	pos4/final_output-2.f32	01b0ce49d4f437edce41ff7f8613094c5105b2bcafc47ab56339c3dc51a4b3ff
linear_attn_out	2	4	1024	pos4/linear_attn_out-2.f32	00ace8bef82c9686f2db308fa068a72a80fe9033d717a5303c938f2148ab7074
attn_residual	2	4	1024	pos4/attn_residual-2.f32	a7967e89a668db98a488ff712c8741fbef88be22a14f859d9353582c26d46d98
attn_post_norm	2	4	1024	pos4/attn_post_norm-2.f32	2421fe816b9bb9a5efdc85ecac6d776f18f8dbbceadef00c1b57bdc1ff236d5f
ffn_out	2	4	1024	pos4/ffn_out-2.f32	a95fd214b0c06ceb2be5b20b3e61186ee474abc5cff1a8687faaf5b0878b32b1
l_out	2	4	1024	pos4/l_out-2.f32	6175beb4d65be37b1f9ef62dd4ade3cc8291a80ab4cbeecce3f5db36fc25e6f2
attn_norm	3	4	1024	pos4/attn_norm-3.f32	f46599fe2bb6b72aec20b0779e869674fcef7cb0c2d43570f42fd1d65023cf4e
attn_pregate	3	4	2048	pos4/attn_pregate-3.f32	6f17c7c5ae43bbed9e480362a363628ec65891833bba447fa015b4ee3d9f241a
attn_gated	3	4	2048	pos4/attn_gated-3.f32	4d1188eed00a23256693d2a0755a2f6ccea9efe132e38c1007c876a19dd3cc86
attn_output	3	4	1024	pos4/attn_output-3.f32	5d44f9644a60c8a17dbf0045b2e9cd1abb92641981f0cafeb697dd0de0031503
attn_residual	3	4	1024	pos4/attn_residual-3.f32	b6dcb5732da66874636decb3ea0dfb96e476e4ba23a1b1300200913fcb53a424
attn_post_norm	3	4	1024	pos4/attn_post_norm-3.f32	2ff07584170bc89e0911372571041786b5a80c46a8b0ee92f6a1ab05a05c3781
ffn_out	3	4	1024	pos4/ffn_out-3.f32	1aa0f089c0d38cbf1193f725eae096a3fecec0921450d41f980840abed96e735
l_out	3	4	1024	pos4/l_out-3.f32	3fbbe9c0a5bf1df9b4829d78b3509ae63412e02b61742467c0ea36ce1b13c133
attn_norm	4	4	1024	pos4/attn_norm-4.f32	0e939c1c7996f304d757ac522576e082751c5f8045f12919b2a90a68991559a9
conv_output_silu	4	4	6144	pos4/conv_output_silu-4.f32	f9181d9964976435a122ce0cbeadac1f2044d31a67d29ff404bcfccee97ae1f6
q_conv_predelta	4	4	2048	pos4/q_conv_predelta-4.f32	9813def0b2bf9bef13965b98b93d6a0114e745b082fd7b671fc6a2da29e2aaaf
k_conv_predelta	4	4	2048	pos4/k_conv_predelta-4.f32	004aab82f20fc7fdc4edce4206b7642493b413505d10a89eb7d26cf7a654fd34
v_conv_predelta	4	4	2048	pos4/v_conv_predelta-4.f32	55d67800bb419f428434990c92d9c9194afacc0cb6b518480237f4c0be7d7728
a_softplus	4	4	16	pos4/a_softplus-4.f32	80203b803694d0da0f39edcc353ba05ec0583ea06f4f1cbd29bb93fffc41a48b
gate	4	4	16	pos4/gate-4.f32	84bee38472cca4f5009e0fe077ad01bdf93f726e2ce5b7353fccef00aa3b4d09
beta_sigmoid	4	4	16	pos4/beta_sigmoid-4.f32	2de7cb518dac60a96a506ad5cc2f1bd361533be154a40376bd7ee349e4395af8
z	4	4	2048	pos4/z-4.f32	0481a20b336632f88071aed7b0a42cffbb58c40530aae4914a16447358e7d0d5
state_predelta	4	4	262144	pos4/state_predelta-4.f32	13e9305c169fab8fd344e1ac57b104c6d85a2d5da1b34d71acf9f0b8a1f1f7ce
attn_output	4	4	2048	pos4/attn_output-4.f32	6f3f5184b9062f5196fd1a5617dc01ebbd3d9d6000e960c0608807d1811cb213
new_state	4	4	262144	pos4/new_state-4.f32	ebaafdec72155fc8dd5fd37e59017cfa7d3cd4b99dc24e9c1ff2fef1927042f9
final_output	4	4	2048	pos4/final_output-4.f32	7773b314a62f60a3bb6eeca5452a2a5e6cd4bf700b56bedb0c5e97fd47dc415d
linear_attn_out	4	4	1024	pos4/linear_attn_out-4.f32	4dd647b7c5a4194305dc4026191a6514637b0793961d81d62e69c3d627e94961
attn_residual	4	4	1024	pos4/attn_residual-4.f32	059d7a619e5f4a61304d2587a1a8d36a0dd0cdce6bd35ae3d4f07ab99f7230d6
attn_post_norm	4	4	1024	pos4/attn_post_norm-4.f32	be6c1182666633d91ef9d17d12577945146eda95b8b0a256b8f863a92f841907
ffn_out	4	4	1024	pos4/ffn_out-4.f32	5db6654387a0e0685390ec65c37c807838e2ea688f0dba6ac8ba5c23a51439f7
l_out	4	4	1024	pos4/l_out-4.f32	32a4b6b90dd7703675a4141938ab56d1c11a17c7e137d9b7279a4b71a13941ab
attn_norm	5	4	1024	pos4/attn_norm-5.f32	e79c828b3144afa87905712ae4c8bdb5ed00dcb68109f29e245b5165307374a8
conv_output_silu	5	4	6144	pos4/conv_output_silu-5.f32	52fef15ef5bd53e76a8fe29a09bb3ad16f0ea887b5be273dab556870ec364359
q_conv_predelta	5	4	2048	pos4/q_conv_predelta-5.f32	4ebba2b1d855a21a42f63945cd82961d98153f9d09b680c99a5ee65a3adedb3f
k_conv_predelta	5	4	2048	pos4/k_conv_predelta-5.f32	d246cb6d9c0b58f93994e9de4952e07e92efd20fa300d0b140c9996895574ad2
v_conv_predelta	5	4	2048	pos4/v_conv_predelta-5.f32	c088bbc33b931b7dc54130cac2a9efd653f20dde7a482d05c13ddae6ec7e5f4b
a_softplus	5	4	16	pos4/a_softplus-5.f32	b1116797fbaf95030f823f7461d49d933d8cf1f26f29954c4548d7b9c93fe993
gate	5	4	16	pos4/gate-5.f32	a0317868cff2448f6efe528d22e5fc1a0c377d8fbeca5ab6f72a38c3540c4700
beta_sigmoid	5	4	16	pos4/beta_sigmoid-5.f32	a209477654a53d49f06534e57fc9a79b9b768677d86da424ae2c5e7f7d7dd99c
z	5	4	2048	pos4/z-5.f32	68e58d838cad161b4202732337ab84120007c47422729561d50bfca63476172b
state_predelta	5	4	262144	pos4/state_predelta-5.f32	ae1002b63d1186b2d2e3df2dc2a9b5205c1c0c1880b14fb9671520d5834e46ac
attn_output	5	4	2048	pos4/attn_output-5.f32	ea46507817768baad9cab6bc79d082369983481be1d18c53a0dfa6be88b388d9
new_state	5	4	262144	pos4/new_state-5.f32	d6adee7d360cb87df5b2ee97478f3d604caf2f8558de073dc71e427f856303a9
final_output	5	4	2048	pos4/final_output-5.f32	9708e501e32fc6a71c5d7b68611b6645785d09bb4217819d9d602a28d834c25a
linear_attn_out	5	4	1024	pos4/linear_attn_out-5.f32	78aa3cff45f21b39975ce40b34018dbda2c1a474193b08d388e11ea931b32973
attn_residual	5	4	1024	pos4/attn_residual-5.f32	9ba71d30e26e1bf10fbd6aa91f0ad8430d8a381ae8ba68ec9efd0e9b88eb91f2
attn_post_norm	5	4	1024	pos4/attn_post_norm-5.f32	1e5cdf57f11ce0f5c5d955501b16ccf31a25061e8162226bc44d1bb6755400aa
ffn_out	5	4	1024	pos4/ffn_out-5.f32	e882f58826e80c9f30ea5f75bf01bf2e672412fee34d9f449f8722d149aa67e0
l_out	5	4	1024	pos4/l_out-5.f32	fcd05e8d15ca1fefbbfe810a0780a2608c6096eb62ff01b13a68340447b0f7a6
attn_norm	6	4	1024	pos4/attn_norm-6.f32	22c4fbb1b54f78e1ccf83df8decd8cdbe5e35ea24fb5b1dab8a837e3ecc15f52
conv_output_silu	6	4	6144	pos4/conv_output_silu-6.f32	8be31fbddcf920cebdfcd65df447b27f537d36300273309696b2d76945e9bb01
q_conv_predelta	6	4	2048	pos4/q_conv_predelta-6.f32	58677d22c59e3e70815266da51d9500f6c694a7cda01b2b5349590f3e1010a64
k_conv_predelta	6	4	2048	pos4/k_conv_predelta-6.f32	a5a91aacc51bcb0d8c5c1c638864fdbc7ffdcec272b3a13f077f36828f373c69
v_conv_predelta	6	4	2048	pos4/v_conv_predelta-6.f32	fe00e5d47c55e9eac649ced2b7145f2c7f33ecbc03f97960c90fa755791e082b
a_softplus	6	4	16	pos4/a_softplus-6.f32	89074bf921f214ba39e6ac4d67562651727403355895b5293bb193d09c47c80e
gate	6	4	16	pos4/gate-6.f32	23dc4058f3b29fdce46745fd831bfce3dfb72a0b050e23499e36ff811d93ad5d
beta_sigmoid	6	4	16	pos4/beta_sigmoid-6.f32	ccd48d2ce0c49f61e648b89312fd16da950681ac2d70be4e487c668b6d534bb8
z	6	4	2048	pos4/z-6.f32	15fa8d67fc422b9d262651a371d2f54b19958e0c21f559278e954301e8a7678f
state_predelta	6	4	262144	pos4/state_predelta-6.f32	94e5e6c4dbd5107f98b886bf98adee39ceeccff15fc8a27585ca85765323b165
attn_output	6	4	2048	pos4/attn_output-6.f32	2c0e85bcda090f56f07c36f80ce4c8be15d21ee5cb8174a3ced528f1e0766555
new_state	6	4	262144	pos4/new_state-6.f32	7710388d5854953dc37cc94bb7b3e6023b2ec3016e389186fe0cbc3b4e6f8c17
final_output	6	4	2048	pos4/final_output-6.f32	8a2821af256c872660782596badaf2494a5584aed58e1329624de3588e98bc16
linear_attn_out	6	4	1024	pos4/linear_attn_out-6.f32	54e94ddc4252d49c4e50bbf5940b04bed0216d8cff387b0b21b6a7e2072e38db
attn_residual	6	4	1024	pos4/attn_residual-6.f32	7efc68c6b6e469f9c54798659a6d5a097b0b8592a6872dc1091e38a0e0297245
attn_post_norm	6	4	1024	pos4/attn_post_norm-6.f32	23f145867f76e47469c06f6532b983b88261bbafa6032f5c9c3f87f9ea724cd7
ffn_out	6	4	1024	pos4/ffn_out-6.f32	764cc7f32ba6683a8627b715ecb5e3526d79a3887e49664cab46e9554e4db0a8
l_out	6	4	1024	pos4/l_out-6.f32	916cd2ec2dafd9f716d79c0708a66dad8888376c8b3c8dc9b848398294870f48
attn_norm	7	4	1024	pos4/attn_norm-7.f32	7a13083fbf826734195368d00ecd1e0b1a0ae489a383b57aeb8c77088224a74a
attn_pregate	7	4	2048	pos4/attn_pregate-7.f32	454a53f15a316dfbb3a75bc3ca864cbd8fc031656e719dd188346cccffb7fe90
attn_gated	7	4	2048	pos4/attn_gated-7.f32	227f2ad4cbdd66f49663bdd57993968bfd083164155172189db08ab91b916e03
attn_output	7	4	1024	pos4/attn_output-7.f32	c46d86e79f57a18fc7304418cbd8434ca3ad1969350823b7d186e72147f7c69d
attn_residual	7	4	1024	pos4/attn_residual-7.f32	5d022fc141148ecde13b11892c41678835f252a9904bbb9df5f929c6baea2b76
attn_post_norm	7	4	1024	pos4/attn_post_norm-7.f32	73ea8724f970cf6a459cea9d9411f2cd1f66bacea592462964fa5ec25dcfe1e4
ffn_out	7	4	1024	pos4/ffn_out-7.f32	118559312dd0e4d77bb68e1a91ed47f2c61630bc7aabff948138f9d0fdbad374
l_out	7	4	1024	pos4/l_out-7.f32	23927605fb90230ee2c41e22f5121d02028492d829ace862ae936d8c5370fe4b
attn_norm	8	4	1024	pos4/attn_norm-8.f32	240da17ff64e021184469a5c5cc3ff4879e293775e73a6974ad67a926d5722c5
conv_output_silu	8	4	6144	pos4/conv_output_silu-8.f32	01f3fdd81cc626ba1e1df61d19230a155a76956f0aad44ae7465afe4f05a3fce
q_conv_predelta	8	4	2048	pos4/q_conv_predelta-8.f32	eae1cd5e9ff71d44c0d0e3f2c5d22d7e5509eb2051e79e6f000bccd0da70edf1
k_conv_predelta	8	4	2048	pos4/k_conv_predelta-8.f32	eb197b657bcabfec29c7d96952bef34ddaa2f59607c845152f2df156db2768f0
v_conv_predelta	8	4	2048	pos4/v_conv_predelta-8.f32	0b8be7dfe24b944c6873281472c6c9b2e902ddc7fbce0f5b5da04fd362fcedab
a_softplus	8	4	16	pos4/a_softplus-8.f32	d3aef021a430f2e9320fe10418c2796e298ed6f9148be05b6862200ab323cfec
gate	8	4	16	pos4/gate-8.f32	3d340899e378c2a4e43e18ab8a8f8e08d16888cf204e504f440bf6a05cc47a78
beta_sigmoid	8	4	16	pos4/beta_sigmoid-8.f32	d12487fb9b3c6ddfa392f04d57063cfcc4fcae7bbc5ba139dd08c4c1bead0011
z	8	4	2048	pos4/z-8.f32	523ef140d0a35af4770df4b9fefd4cdc1291e69a59b091689bddb954d7bfce4b
state_predelta	8	4	262144	pos4/state_predelta-8.f32	8f5b1787e85784990e193182ab20022840f37f6db04d1bf29ceaf1688607e396
attn_output	8	4	2048	pos4/attn_output-8.f32	288d276c041aca523b14ee7b81df4a534916320aac41aeae6e98531f40029b0d
new_state	8	4	262144	pos4/new_state-8.f32	1c57817199d709b3e83af23c52e86adb892fc9600692a5c17c5a7ab0458ee846
final_output	8	4	2048	pos4/final_output-8.f32	2995419d7255ae5f061b15fe3121aec5dd917b33635ae4e1c2abe7066650592f
linear_attn_out	8	4	1024	pos4/linear_attn_out-8.f32	501097d9c095b8cc2823642bca77a106a089299db95b76aa91cedff085eb5855
attn_residual	8	4	1024	pos4/attn_residual-8.f32	786d015d5ffc24d5a26fd443db8e1063fce803dd113cfc0175919028d450fb00
attn_post_norm	8	4	1024	pos4/attn_post_norm-8.f32	4e657770c00f5a6df29cac2dd342c2dca3de531591ade333d58f2ba67ab43618
ffn_out	8	4	1024	pos4/ffn_out-8.f32	5ecb4c62df3557e45f653218fc368e7dac7fc8846e429c71548b7e1ebe209f5e
l_out	8	4	1024	pos4/l_out-8.f32	54b1393f04809cb418cfc5ee0a8940b57fc246a47106d6bb00677d2232ca22b7
attn_norm	9	4	1024	pos4/attn_norm-9.f32	bf955b3c2dc5210dab4bf7561111e68ee51b3e165f51d969a6aebc27509085af
conv_output_silu	9	4	6144	pos4/conv_output_silu-9.f32	e63a2e063eb7b78e197a12ce4648b64ade77cf03113d9f191967b7ae5bd60a81
q_conv_predelta	9	4	2048	pos4/q_conv_predelta-9.f32	1e7584e98ce4cfe2317fce1f9be1b0435012d5ab43fbccec84fea06dfc9ee256
k_conv_predelta	9	4	2048	pos4/k_conv_predelta-9.f32	aab48db2f3d27030991d5f6b58ec6d0995b472dc20f9c6ab83e0dc8b8eae91cd
v_conv_predelta	9	4	2048	pos4/v_conv_predelta-9.f32	9478a0f6e00ab762d4c6777bf5e1d152811012866611010f64f10c72a50771be
a_softplus	9	4	16	pos4/a_softplus-9.f32	fe8174f84ce8f5b6463d0ace5f5e12e7a13bd24ebbefb2b4fa3221965cb13d3f
gate	9	4	16	pos4/gate-9.f32	8c4cc03ea2406dc786b1fd5456d27ed9882c8ae853be6d206fd36b73d7102c8e
beta_sigmoid	9	4	16	pos4/beta_sigmoid-9.f32	13cc634091e27798c34b26137f9538283f0a76dcb5ffad3b2ad437213d9c3567
z	9	4	2048	pos4/z-9.f32	df4ab0f30a98c8bbc21f5fdf005fcc91cd9bf6adf79b3d029a99f6d35a2609ba
state_predelta	9	4	262144	pos4/state_predelta-9.f32	72ce603d7261e804e9ddc0659d3534aade809ec8175032aa731f80dc8f769888
attn_output	9	4	2048	pos4/attn_output-9.f32	f98daf7854370f5343fd107e1f75a1a7efe18dbce4b09ec3e61ca95688cbbb0e
new_state	9	4	262144	pos4/new_state-9.f32	ce1ab428f989494388728c40842b9e93123357e3b599517c90d3cb006b4ff8dc
final_output	9	4	2048	pos4/final_output-9.f32	cda57fc7d524dda18c874aa3a9277c750d3840906a19d5df5510ce0dd0d2b2d3
linear_attn_out	9	4	1024	pos4/linear_attn_out-9.f32	472cc857934304f1c52a7f68db11375884e9fb472eca4102c235a18b8c1e4b24
attn_residual	9	4	1024	pos4/attn_residual-9.f32	a27624363ca89e9990a1ea50baf9af2a9bc68498634d43548f37b41ca774ea36
attn_post_norm	9	4	1024	pos4/attn_post_norm-9.f32	d8a09c66b5a3d4c7be8b1b4ef38a14482338c1a9dde233d0a00c9cf197899a78
ffn_out	9	4	1024	pos4/ffn_out-9.f32	126b024ceb7ca73a88aa1210397d8fb3cf4527869b2dc7935eb196afda554728
l_out	9	4	1024	pos4/l_out-9.f32	d99bd077dadfb83893eeab5473c4b19bcfa23b22054fa348bbac8a9ffa42bc18
attn_norm	10	4	1024	pos4/attn_norm-10.f32	45f396e2a284e60406ea670aa232949e743cf7edca0ac8dffac12816e4d6ce6c
conv_output_silu	10	4	6144	pos4/conv_output_silu-10.f32	42a323af85fd763331753e9033b1349d50211575c53ed81773b47826bef36008
q_conv_predelta	10	4	2048	pos4/q_conv_predelta-10.f32	1acbe4eb39c34c912ef0f9a7f02817f82cc7f1965939921d274de228fa250d22
k_conv_predelta	10	4	2048	pos4/k_conv_predelta-10.f32	982787bb4501c84be42c6169a577be203bba27f0624adbf86ceb5d22ad1dc5a1
v_conv_predelta	10	4	2048	pos4/v_conv_predelta-10.f32	8d92df0461d8384fdcb50d33e3746cc28cc3af70457adac89a4f30e793e6a071
a_softplus	10	4	16	pos4/a_softplus-10.f32	ccce68c41bba117dc03a38f75a33195f3f8294263c2c8632ec0dcb3327b1d4c1
gate	10	4	16	pos4/gate-10.f32	cc1c6008cb304d25722a9acd0405cae2a496618560a6caa30cedb6991fdda843
beta_sigmoid	10	4	16	pos4/beta_sigmoid-10.f32	c236c1e986151e39c5e04e6d6120d0836faad5c962a96eaec7b92586d1ccbe79
z	10	4	2048	pos4/z-10.f32	2b42356bef26e4b8ce4d8ef55e2c6edae11294a18d3c6cd4c4b64ddedfb41289
state_predelta	10	4	262144	pos4/state_predelta-10.f32	51cb9b9ba95b74d5c92fc37e72dd39a87249906981cf7273667aa331abff8d75
attn_output	10	4	2048	pos4/attn_output-10.f32	860b360d77ef0360fc57b8e827657dce132ab3f3e89386be0ac18d35586b7bf5
new_state	10	4	262144	pos4/new_state-10.f32	464cfe3608ab1964d6d61d5c4d8aab07b3f8da30b43180056586e71329b3f42b
final_output	10	4	2048	pos4/final_output-10.f32	0547ec0421596c4e592754e786e953de42dabe73c9024d1705016603de8bb963
linear_attn_out	10	4	1024	pos4/linear_attn_out-10.f32	909090ddb9a7e81340e33c639ed6963462115b646c3d41a28a4b8a2d5392ac4f
attn_residual	10	4	1024	pos4/attn_residual-10.f32	49e342d68824c900432ea06125a94571dd20e0d3c898409087db53bf61b50322
attn_post_norm	10	4	1024	pos4/attn_post_norm-10.f32	37f2608d51766dd3451e3eace5d79d63fea8b5752f965adc09e94c80fb5cadf0
ffn_out	10	4	1024	pos4/ffn_out-10.f32	34fb0cd42c870535054d6961abf27e961f0e74c2b436d3994de9e909f73d18bd
l_out	10	4	1024	pos4/l_out-10.f32	11df05d9ccc23c4385d35d48efb2cb2112cd4e6b692fe6843d5a91f7780989a5
attn_norm	11	4	1024	pos4/attn_norm-11.f32	87a87a7748ec87fc9ac7a60cb22ced9e6aa3e87841161ea952e5e98514926753
attn_pregate	11	4	2048	pos4/attn_pregate-11.f32	6ed3c510dbd64df852a389d670d76fc699fe11557b053c58d579662714e3cd8f
attn_gated	11	4	2048	pos4/attn_gated-11.f32	0c0391693a40fe5b35476e6712439d644f94f6fef0c678f5c1ce4f4574b3b62e
attn_output	11	4	1024	pos4/attn_output-11.f32	85db8fd18f4686afebcbbab2650f06faeb0b95e471d0282e3ed678f1afbabe06
attn_residual	11	4	1024	pos4/attn_residual-11.f32	48cf509eb16f7ee2e0b52b4b0764ea35080dacc02ccde1b0dd725889303f42bb
attn_post_norm	11	4	1024	pos4/attn_post_norm-11.f32	03c4665eec6ab10101700e4693f777b53db7a9b32347b12cf190bda0e689a5b6
ffn_out	11	4	1024	pos4/ffn_out-11.f32	b40a8a60a561d6785d247ab88d4f85be5d090fbadbe4314927a120093a830484
l_out	11	4	1024	pos4/l_out-11.f32	9fb0d3ebebb278ddda2310c03fab61380232b92e9d6998436900d6b9625a00a3
attn_norm	12	4	1024	pos4/attn_norm-12.f32	d066ff16eaed9f0a8c96ebc5cb5449bf0da677d69f77cad053a6ca5fa4c2747a
conv_output_silu	12	4	6144	pos4/conv_output_silu-12.f32	d279536e2f8f5c87e165518970003ae1784625cc6457483a823a969e2b1eda13
q_conv_predelta	12	4	2048	pos4/q_conv_predelta-12.f32	06c6a0cf8e8f2e73963a63925dd23eacc771e93816fc85557eed9e556f941701
k_conv_predelta	12	4	2048	pos4/k_conv_predelta-12.f32	030bc54f9837dc7a53942870ff728179ba935b2d2eb5885d3ea1b302d5b28bb2
v_conv_predelta	12	4	2048	pos4/v_conv_predelta-12.f32	4a8a10763cf142ca3d8a0a180a465b09240d9a5eb6e46dcae58df729634d68fa
a_softplus	12	4	16	pos4/a_softplus-12.f32	6a356a9d4cfe1eb0e322498a42f5ce287e184cb39d2eaebf7ffb56a055ce50d3
gate	12	4	16	pos4/gate-12.f32	03ca7a099b35c33071b11d4479335cb6071e1d9a81d565d77fa7c78ea6e7b4b6
beta_sigmoid	12	4	16	pos4/beta_sigmoid-12.f32	685e0f96e7369ba87edc94ad3924552b63bc26095e6c7aacdf1b4fc2192acb82
z	12	4	2048	pos4/z-12.f32	d91d13111d5017b1e4991e3cf4801625ec5bfe2f998ba489170210836ef48fbe
state_predelta	12	4	262144	pos4/state_predelta-12.f32	2c97b15a82ac00fab70da787fc1b6b09b47064073630eede68d36e0ed3a212b6
attn_output	12	4	2048	pos4/attn_output-12.f32	b23abb318546d50524d0e1fbf75dd5c36d94545d095a1d168a8887bc83cd44a6
new_state	12	4	262144	pos4/new_state-12.f32	73f3999ee5cbcf3edac221682a539cf7ccf3dc52590e0476fa565a1f6abc46d3
final_output	12	4	2048	pos4/final_output-12.f32	375a13b2fd4e15b58f882ac554aee9768d4bfcd322c40d251f7a0929fdac845f
linear_attn_out	12	4	1024	pos4/linear_attn_out-12.f32	42faaa7562e99df8e1074f637b65e29931731175e9e66783c5b150d248492112
attn_residual	12	4	1024	pos4/attn_residual-12.f32	f9daa52d9ec2d881ae0c881d5a99d6c6ce64a2e9543bb04a2770f006a886ad79
attn_post_norm	12	4	1024	pos4/attn_post_norm-12.f32	0d653b24a2dc8625b1c6157123d9489d388d74ab287201e42281c0ba5f696b55
ffn_out	12	4	1024	pos4/ffn_out-12.f32	d7114a3c2a786f893955dba2b7fd97e5c719f77dc4da4918cdd7d9c805e28e3e
l_out	12	4	1024	pos4/l_out-12.f32	941549c29d78f62abe1edad231218c147ef48f0a16c03455ddaa7297e3804f8c
attn_norm	13	4	1024	pos4/attn_norm-13.f32	1aaaf6a64d2953516a39001224c1d33031f635979e5bbd53c31c7eba2de2e032
conv_output_silu	13	4	6144	pos4/conv_output_silu-13.f32	433e0de4097e6ffbe475bab319e220b2b3da9df7554f84cbcd130f30f4e6841c
q_conv_predelta	13	4	2048	pos4/q_conv_predelta-13.f32	f309f0482d2e727890d0949ad8447353c4730d10029d01e85ebd82dd909dbc33
k_conv_predelta	13	4	2048	pos4/k_conv_predelta-13.f32	dcb79c9fc2b6871e366766c017bd773593ff79a1fdb611ec7bea28b2568e6a9e
v_conv_predelta	13	4	2048	pos4/v_conv_predelta-13.f32	beab5b8d8cb07d5e384fa1fdef5848a3feb947c4a4ea14d37381ad663b55fd92
a_softplus	13	4	16	pos4/a_softplus-13.f32	972c9faaf5acbe4b6cae706f4d6f775015b4ca10626e4b7ee4d22b25d5f2ccb7
gate	13	4	16	pos4/gate-13.f32	6a6b2f1111545d5db69f885c129098dc45b083d201937c7a6dbf7bda3de49308
beta_sigmoid	13	4	16	pos4/beta_sigmoid-13.f32	895cbe7b789f42f6bb1dbdde4b2ff49fb2881672e998d9e3dda8a045d08a2c5f
z	13	4	2048	pos4/z-13.f32	a56115dad12605177f83aef3f2e10e1a0dd8464242e9809d54ce415f9276afe5
state_predelta	13	4	262144	pos4/state_predelta-13.f32	e7d701e7719fc35ecee2c9114a7225ddd21604c442368aac4700a8e6c83f45e3
attn_output	13	4	2048	pos4/attn_output-13.f32	fa7a85dda9addd6e6adc1ae9d7e5d2e507c99a4b67e81acbf3612c8ddc6435e1
new_state	13	4	262144	pos4/new_state-13.f32	75f6d9a1ca1f54e1a08b7b29e6f08ac2974bb5cfaa2518a79dd3619c9bd8948d
final_output	13	4	2048	pos4/final_output-13.f32	9e0e5f4d386849ae7bdfa16c4bf82b864cd9babaf5428bd661f635a5a735b352
linear_attn_out	13	4	1024	pos4/linear_attn_out-13.f32	910952bba2f5f07a4081ed803521cf8dd9b92219d2269f71f8294261fffdc8cf
attn_residual	13	4	1024	pos4/attn_residual-13.f32	2312d674bd8976f71db3674c2d2dd35048649176d53bbcbdcd850a3cd883a018
attn_post_norm	13	4	1024	pos4/attn_post_norm-13.f32	fc3675d227f45102c080528db61a1f6db789fe9899f1ae96a7aa947c5dd6908d
ffn_out	13	4	1024	pos4/ffn_out-13.f32	9321dd5c67f0e19402e281bd4d8f472299b1d7bf474a5af57424445173b6abb0
l_out	13	4	1024	pos4/l_out-13.f32	0fd12ac2f4d7081d058ce28a581e806ea9a868f14d18795d701a0e2df3f4f45f
attn_norm	14	4	1024	pos4/attn_norm-14.f32	69a98f561c36660a8e3d4adc47a74feb04cbb6082c89aeefd3169450514df2db
conv_output_silu	14	4	6144	pos4/conv_output_silu-14.f32	5cbc10548457e197cfe545cdb11f4f96cb52a8715cccdbeb25e7f5373e773fdf
q_conv_predelta	14	4	2048	pos4/q_conv_predelta-14.f32	82370e736b945412a38eedd0d14d0fa5d13b415ed516c4c1ec96f8d645ea0094
k_conv_predelta	14	4	2048	pos4/k_conv_predelta-14.f32	9a8b359fb5391f03914199ad57273d8c892e4443e94ce84a3e68e3cddbaa6768
v_conv_predelta	14	4	2048	pos4/v_conv_predelta-14.f32	fb52e37b3c208c57ffcf700df495b3cb8a179a548c88e974e4ddf9fd7f19f744
a_softplus	14	4	16	pos4/a_softplus-14.f32	3085fff1c35886f70801b8976df23ea20d33e670edf9a4b37be01e54ea478abb
gate	14	4	16	pos4/gate-14.f32	eaaa32e4e39d64ee2abcea12afb76361cb2c98595cb52a64635fcae1cf60a0ae
beta_sigmoid	14	4	16	pos4/beta_sigmoid-14.f32	33db85b312e29058a1064fad88efd9a77287153691a8ed5006babeab19bc84ff
z	14	4	2048	pos4/z-14.f32	0bf9be87ec8cb80166d4517ea990f68fc7df95fddf94bcdcd54b0b14a0ca6b53
state_predelta	14	4	262144	pos4/state_predelta-14.f32	6c4aa7a328e1adea16073fefd44640607064f47d6a1c46eb32ed2bdcf2693c2e
attn_output	14	4	2048	pos4/attn_output-14.f32	b5f5dd666c213933a6c380a31578927e32117981b5bb090178769f34a408d414
new_state	14	4	262144	pos4/new_state-14.f32	c955205129f012e7e195f7f64b27bcf982c3fd285183f0cbf91f20342cbf0b97
final_output	14	4	2048	pos4/final_output-14.f32	9907da99beeac98fe4a555c942a3a2cf7af34750b4eb523e5c9cab664fa18bea
linear_attn_out	14	4	1024	pos4/linear_attn_out-14.f32	ced3af933d23402261995ac50126bed05e120ad7a2932792e01047a29c700935
attn_residual	14	4	1024	pos4/attn_residual-14.f32	443ee10a4c75d6ac62446bd39b96406c2324b06f7e71fcb6b4f16c79cf8a1b2e
attn_post_norm	14	4	1024	pos4/attn_post_norm-14.f32	7252c5bfdc46c872e85567f9e8eb4d129bdfcd71dde6f5df93fa2c921e75b535
ffn_out	14	4	1024	pos4/ffn_out-14.f32	fae727d1a11e4863dd4bcaf22a36d30e55c6828d20568d155316de88e2aee601
l_out	14	4	1024	pos4/l_out-14.f32	fa4b2c5f8093a9232be11f7de8bfe04a19f9b9b5dd4eb4c5ca189adcee62954f
attn_norm	15	4	1024	pos4/attn_norm-15.f32	5768d2baed66c968646fb24ab8cf64c2a43baf0d2bd33dc28c4f3ce1abd4667b
attn_pregate	15	4	2048	pos4/attn_pregate-15.f32	f7b525eda980ab11bd6e53e1edf9d000014eca2100a9830aae6621857eb1b143
attn_gated	15	4	2048	pos4/attn_gated-15.f32	e741feef61c62861f34e4cfb47522ef75cb420fd4919126712d7a0c005e02344
attn_output	15	4	1024	pos4/attn_output-15.f32	27533218afea497b1391cfb47198a8e487a56007f1604c94649cdd7a27649b51
attn_residual	15	4	1024	pos4/attn_residual-15.f32	a18f0547b3d06948f25194f3ff9dc146bf8704e5fe75f7832ee918e7f822f82f
attn_post_norm	15	4	1024	pos4/attn_post_norm-15.f32	380c0968e35819e26e7f23cedaa8bad0c2e32d72c0b2ef15b336aba0f150105a
ffn_out	15	4	1024	pos4/ffn_out-15.f32	ed0deb99975ddeda3892356551ff0ed08fe965a1f054d1072cc416f3b325b26d
l_out	15	4	1024	pos4/l_out-15.f32	a67b6bd25df42de6503533fa24fd7357505a32fcf7f6bbf78439cdc05a111dc5
attn_norm	16	4	1024	pos4/attn_norm-16.f32	23c996e0e709c1a411f1442793d4a831bbcbf05962edaf58692874a471398af6
conv_output_silu	16	4	6144	pos4/conv_output_silu-16.f32	19ce7ab910b0092cf8fb73b9f41343f55f8a8543bb5ca586001ba14a09df601f
q_conv_predelta	16	4	2048	pos4/q_conv_predelta-16.f32	ffc641bc623d3346cf79e35bb7c0be2b54102cbd6820f624f81d0cec063cce1f
k_conv_predelta	16	4	2048	pos4/k_conv_predelta-16.f32	61cc9e37b1447c54965eab919d6d9dd46a03ae1f2d8ba293e63c973b45a0a955
v_conv_predelta	16	4	2048	pos4/v_conv_predelta-16.f32	798a3091cd6a9f0a5712c340661cf82b1a941273371c6f8a46f1fa0da857ff37
a_softplus	16	4	16	pos4/a_softplus-16.f32	b7d8b09282afb55fa4da0f1b66ac744fbcaa986e26eadf51b0f6f92cbef11901
gate	16	4	16	pos4/gate-16.f32	2fcdcd21141894540c5f69dbe54a7992c92ff1773c363b4aac6c6184a0f9771d
beta_sigmoid	16	4	16	pos4/beta_sigmoid-16.f32	60de491b91a4c1b253d0f338a708f7459cba7104282a3311e41f0f95f29666ff
z	16	4	2048	pos4/z-16.f32	2fb43af9f0c2c3a2fd5a1c213e3b4e2f97bf62705a8a76d489dc44da92f8f532
state_predelta	16	4	262144	pos4/state_predelta-16.f32	91d12cc91cee4c0953dcaac8fb5e9d3f1e31f0d9e681490846192be2e4599a9a
attn_output	16	4	2048	pos4/attn_output-16.f32	bbab63058c093a5cc5f62a649b9c88bd6a38f59fcf96bb7f663974d5bdc1b84b
new_state	16	4	262144	pos4/new_state-16.f32	45a6918375bdf7b3e3d915974d7327ae91dca8af2c879d65e778128bb210d9d7
final_output	16	4	2048	pos4/final_output-16.f32	a5abc91348d5ee3723e8f26be6ebf53a1fc63f959bd55898a94d22222fca442f
linear_attn_out	16	4	1024	pos4/linear_attn_out-16.f32	02a494fc5fd9308a7aed848426e995b374d8b3e3031b2d4b434e46192bafbcfb
attn_residual	16	4	1024	pos4/attn_residual-16.f32	fd255e5a1332f9ef0c8800ab78d96e234a5ebba5fa16be65ee9239d6f2941a7c
attn_post_norm	16	4	1024	pos4/attn_post_norm-16.f32	ebfda4aac16202d36537a2853dbb8687b9c3aecc288add5452337892117452f0
ffn_out	16	4	1024	pos4/ffn_out-16.f32	488fece38f454ca4c0359a92e7b809538ebe26bf3f09b984d1ade7b52d01f83a
l_out	16	4	1024	pos4/l_out-16.f32	f993035a980ce0339d2811aa33946d4e7f9a6bba4e8fabd5e36fd1755ca4d098
attn_norm	17	4	1024	pos4/attn_norm-17.f32	8d0b6df91ecf7ce61d43d8a5a7bd2cdb9e931bf26f6a709fdc43bc2aed3986fe
conv_output_silu	17	4	6144	pos4/conv_output_silu-17.f32	ce423eeebaaf41619d2aaddcc5dd8e51854fc2d434716f3c0efeeec1b8063452
q_conv_predelta	17	4	2048	pos4/q_conv_predelta-17.f32	fe73b4f92cd1d55a885fc447f3cd7e8cc33a55da63164fa1f3135425cf2db42f
k_conv_predelta	17	4	2048	pos4/k_conv_predelta-17.f32	f8e27b5f7bd5869eb6e0c90c0f9b77c9173f019075b0b2f6af4333ba3cdaf14b
v_conv_predelta	17	4	2048	pos4/v_conv_predelta-17.f32	42c3d2c0ae9649ba3663176b72c92c49ab13d96f0bfa99762f6c1b3d555898e4
a_softplus	17	4	16	pos4/a_softplus-17.f32	53e26039251c2eb355d8396c9ae67847620852c025c8394dc5101d1313792812
gate	17	4	16	pos4/gate-17.f32	081d62a872a4ffb52b5dedd5ebeda5ed533ef0019a7c00910fc25148ada21268
beta_sigmoid	17	4	16	pos4/beta_sigmoid-17.f32	27df16c18c96b5e6cd438d9cba01c7905cc0ace7dd1fa6035e355aed70480dfe
z	17	4	2048	pos4/z-17.f32	5d10e679c474f81e12174cfa1dd8f3f2a444a60ad20940eae4ae185ad20ee0ee
state_predelta	17	4	262144	pos4/state_predelta-17.f32	aa7186db0b9a38faa8b100073b6c4aade533198a06a6de69e1523c2287cb6c01
attn_output	17	4	2048	pos4/attn_output-17.f32	8e8ee972d58c4e0afa0fa46dba152eafcb3e383145306d9eee708522e12c7a14
new_state	17	4	262144	pos4/new_state-17.f32	48ea2d358192e922e9d3337984b0ff520a387da5839421495bc43a7eb0ee979a
final_output	17	4	2048	pos4/final_output-17.f32	6821a87088504b2fd2b9f96dfb37818032d9f125a1aa5c1bc33b4b7a9064dec7
linear_attn_out	17	4	1024	pos4/linear_attn_out-17.f32	d23225b530302e0874113d19a34718d70542fea65836808781899188bb476bc8
attn_residual	17	4	1024	pos4/attn_residual-17.f32	8c3fc99735adc5273230c940e0f88c51607b24b8d99c8380f2153c66c590d381
attn_post_norm	17	4	1024	pos4/attn_post_norm-17.f32	92d6e6db68e64574a0d4f5056318b0502f1c04096a1d288545de7341c916e34e
ffn_out	17	4	1024	pos4/ffn_out-17.f32	c8ef355f7157d22f1f4a1d55008a7e5b17959da7b5638f2c3c61285bddeb131c
l_out	17	4	1024	pos4/l_out-17.f32	b9186a80646499d4fa0aa0373cfb38c9e7512efb0e1eb546a5c69f91bfbe2ab3
attn_norm	18	4	1024	pos4/attn_norm-18.f32	29d5b71cb5462f6745d9093c266e79cf8db23effba89594c8e68de9e284029ce
conv_output_silu	18	4	6144	pos4/conv_output_silu-18.f32	baafbd67748e486d0fdf5a4ce81bf3f747a612fd1995b9143d914d3669222017
q_conv_predelta	18	4	2048	pos4/q_conv_predelta-18.f32	d6944dbc6e78a3a1154fe0ed87a3cb5014c64567328037458df0bd3b2ba0171a
k_conv_predelta	18	4	2048	pos4/k_conv_predelta-18.f32	134aee1f3e9c0fcdc58461328a5230b55027786138019c81351e96e44d47f85e
v_conv_predelta	18	4	2048	pos4/v_conv_predelta-18.f32	ea3de7d7dd162b737a30630735f9504df4d6c56284c3f29fe6df28e47ba8ac66
a_softplus	18	4	16	pos4/a_softplus-18.f32	ac1a083803d7e014db4b68076fdf102861374193aa0fe0670ed310199e9c630d
gate	18	4	16	pos4/gate-18.f32	9719472ac4d9e844b4fd003a65ce572267121434511446cdafdd7e945c252ef2
beta_sigmoid	18	4	16	pos4/beta_sigmoid-18.f32	9dfe1f88f32f05bb8f33675878b24f17f74a974e6eef78a4fec9205aa5ce74d1
z	18	4	2048	pos4/z-18.f32	fe50a9a8423b21124bd5728fedda33e8bc914dd738735a15e690a02f7edbf4fc
state_predelta	18	4	262144	pos4/state_predelta-18.f32	2e3a530bbcf24d72a145a691bcdb7d6e3a920ee70ee08ba515a000506c83b7ca
attn_output	18	4	2048	pos4/attn_output-18.f32	7a65727b5f8512940a8c7f117695b4e4a94b7d220cd5d15b30bcba0563dc75f7
new_state	18	4	262144	pos4/new_state-18.f32	0ef841492264c1eaf93ca86407c6372e9551d1d6b216a5620d57b02359d4613d
final_output	18	4	2048	pos4/final_output-18.f32	f710ca4e88b5c96a80a66e240c5090e82916aadf8b979c3f8246bcc20c0e5514
linear_attn_out	18	4	1024	pos4/linear_attn_out-18.f32	539120011dd842fa9714eb9319186ed7f4a0ae0524943d178765ab18969a3821
attn_residual	18	4	1024	pos4/attn_residual-18.f32	de7578c2c61a2414dc664cef6cfef0b6e319aa6e118d6ba775e0e10420e25c04
attn_post_norm	18	4	1024	pos4/attn_post_norm-18.f32	4ed0a031c457b175d0d33da0c4414431a149fcd0fd655ff003729a2e6611b0bb
ffn_out	18	4	1024	pos4/ffn_out-18.f32	898cef85c0446a910d679e93e23a13af85f59c72e5b2b329fc1d62be4468ec37
l_out	18	4	1024	pos4/l_out-18.f32	b12fbac9d757e47e9a031f0113ab5a1454e4b899fb2f223ff60efedcf52f862d
attn_norm	19	4	1024	pos4/attn_norm-19.f32	8080f5929d87392a4594f0d7e7830f9671ed7e9e133054094a405aa8c609da06
attn_pregate	19	4	2048	pos4/attn_pregate-19.f32	7353dfed590aaf6b6be6819682ad0c588079a86e49de702a065630ef372c6773
attn_gated	19	4	2048	pos4/attn_gated-19.f32	ec14453d7b52add229286234d96e76423246ff0fdaa478bf45a97d73a5c90301
attn_output	19	4	1024	pos4/attn_output-19.f32	648b0a22ad5f240f9573d9d9149956d278afba572761d0f3206d3cdeb86601e2
attn_residual	19	4	1024	pos4/attn_residual-19.f32	2062d5d98309f1bf73a51adea2dc87e74b702394cdcf10545c784b1c4731cf4f
attn_post_norm	19	4	1024	pos4/attn_post_norm-19.f32	8e56f5d79311ce00ab263db01c9d30655e36af876c56b30c6b020a00ffd67c12
ffn_out	19	4	1024	pos4/ffn_out-19.f32	a136bec2ee0b6943f08425d0dbee17422e2f23398254df2bcaee8a72411a197e
l_out	19	4	1024	pos4/l_out-19.f32	27fe7db03cb8d2686705a3d3f3343cc40dfb7ecf7fdb5dc6a17434d1e2bb5452
attn_norm	20	4	1024	pos4/attn_norm-20.f32	adc5320eef6798c5677c65d7ab7e645226a20153239f0d06183972594b64e590
conv_output_silu	20	4	6144	pos4/conv_output_silu-20.f32	a9bd4be4fed492252120c8558e431677ecbe9475bb0ef748e95298ca44c3195c
q_conv_predelta	20	4	2048	pos4/q_conv_predelta-20.f32	820c25ca552bbf49069da2256436a9a8b2be3516a3de44e2554c0fc6004ac331
k_conv_predelta	20	4	2048	pos4/k_conv_predelta-20.f32	a3cb692b0375fb8654fe25f38837a69565fd5439b480e08e04ac8dccdfe9f7b4
v_conv_predelta	20	4	2048	pos4/v_conv_predelta-20.f32	2f549415bd85a7ad506a86391ed7dcebdbe8d44d04ad8292e664b2ba4bb941c1
a_softplus	20	4	16	pos4/a_softplus-20.f32	32064a984980a88e029e2856360c341653b36f58227f178e2868e77891485a4c
gate	20	4	16	pos4/gate-20.f32	0f205b2e91bb6459e213ea40158738d2237e3233c217d5f7005877283b22a036
beta_sigmoid	20	4	16	pos4/beta_sigmoid-20.f32	e731d3bdfb5194d35f4e874d9f8f15fd68a05fa77f16549549c68fc3e2abb8f5
z	20	4	2048	pos4/z-20.f32	3898e092df06fb38355005bb56f7675f4233229f749a5bb6d5387774387111f6
state_predelta	20	4	262144	pos4/state_predelta-20.f32	b833c85af7cc021f844379019b73e37486844a66bd635e64f214266f5aeebeb8
attn_output	20	4	2048	pos4/attn_output-20.f32	3810c5e28898d8fcf9ad752f7636db53b58da2c871e28e101d3eb474d5145ab8
new_state	20	4	262144	pos4/new_state-20.f32	937bcef5edaed8deca1458824da0cd06683a94a699d913b6c6051386fb6a08da
final_output	20	4	2048	pos4/final_output-20.f32	5851c4856ad58a8dc2ec82b4343e63a07adc60408df8ab80fc28cef0dc42cba5
linear_attn_out	20	4	1024	pos4/linear_attn_out-20.f32	ae6d42f9a858fe6dcd820c5411535eda6403f22e890f7fe83e8166ae4cde44cf
attn_residual	20	4	1024	pos4/attn_residual-20.f32	125cd4a458989b259149a167765960be34e8be3b5f8f17135a75ee88c6c20f46
attn_post_norm	20	4	1024	pos4/attn_post_norm-20.f32	db79857a19c4317272384c2104d781cf3c8b2054678060d2b06dad31335b26f0
ffn_out	20	4	1024	pos4/ffn_out-20.f32	48aeda80d22f438f6ae16d5add42ace49408354c06fcf8f5c76059aac1cbe48f
l_out	20	4	1024	pos4/l_out-20.f32	4f13613f4be5f9960e532896d01b3ee48b1290dc5ff73112d1f9e489828ac397
attn_norm	21	4	1024	pos4/attn_norm-21.f32	21ab2727d39f99e4577976c114d23614c5096858909cc9571b0f8076892a8074
conv_output_silu	21	4	6144	pos4/conv_output_silu-21.f32	776a478fa30d01bdebedaba5acb620f8e07b48266c6292b99615292017721979
q_conv_predelta	21	4	2048	pos4/q_conv_predelta-21.f32	ba501fc26a49a943bcf8e4ec33a5df44fee1ef9830576d3867a0a9f2776bb0cc
k_conv_predelta	21	4	2048	pos4/k_conv_predelta-21.f32	c621d8b3c1a28a9f8695f3748d9d04f75c89c53cbe6e29352a066350177e56f3
v_conv_predelta	21	4	2048	pos4/v_conv_predelta-21.f32	b6a37fb731bd87b7af73f3951277993d541c3ca1d88352b54c80f93e8cd5a32c
a_softplus	21	4	16	pos4/a_softplus-21.f32	4b827895cd25b960752377fb28295d0a4f4e363afa19333af7433daa9367ad4c
gate	21	4	16	pos4/gate-21.f32	2aadcfa282670cd7e418e1e5bf0dec5d1944e44682edaab4e9cfba9b77ce51cf
beta_sigmoid	21	4	16	pos4/beta_sigmoid-21.f32	837ebcc3bf91e15ba3c12a0bb49a37758ced81a975c6b3185a3c3c861bff1301
z	21	4	2048	pos4/z-21.f32	205e362f744dd2bf0cc755234a24c65e49ea20ea73a3c66fa3be06a5deb5208a
state_predelta	21	4	262144	pos4/state_predelta-21.f32	2d48c82af1f58a63db4cbc05e09507e5300c8b1be879df53d8357df67327317c
attn_output	21	4	2048	pos4/attn_output-21.f32	d5d040e41e72bdc461f618cb49c82c1df7029efbb1f01ac80d249d8a20eee801
new_state	21	4	262144	pos4/new_state-21.f32	299a0fff1fbb77891afa81e8376ea45bef64501d4bc8c07df6c60de74b0e8bfb
final_output	21	4	2048	pos4/final_output-21.f32	f7b7af7aadcb8f1dd548bff8aa12f728f27765cd855905df039bc441ad7067d6
linear_attn_out	21	4	1024	pos4/linear_attn_out-21.f32	bd184377366a8622a43580493d928dedea6c16fb992cb762cf442fe0ded6ec23
attn_residual	21	4	1024	pos4/attn_residual-21.f32	419dbfea68f91708307898787ac15fe24d4f89cc702d2a98aa77e292e9ed9eb7
attn_post_norm	21	4	1024	pos4/attn_post_norm-21.f32	51ea1ff6f8c96d2033b68da0a7dda1ee8a3853ab8f29de132bc76fad635a0e55
ffn_out	21	4	1024	pos4/ffn_out-21.f32	983012187eef51e2800e8b844c99ad37c41067bb448e5b00685ea870c40ec860
l_out	21	4	1024	pos4/l_out-21.f32	1101ad18421f6c5adbbacb4231560bd57a7affc70258a433b393d406288cbb51
attn_norm	22	4	1024	pos4/attn_norm-22.f32	8f3714816c6cb45eda5910fd47529920201077633f796a0976219f6eb9a12ec1
conv_output_silu	22	4	6144	pos4/conv_output_silu-22.f32	eec6fa97ed549bcabe2e2e1d922448f9273dd847116744db1c3a51fcd5d8161b
q_conv_predelta	22	4	2048	pos4/q_conv_predelta-22.f32	4d002987f6141202e049dca90bcb81a5da286a3bd5f609abae4d53ad9dd95de6
k_conv_predelta	22	4	2048	pos4/k_conv_predelta-22.f32	36135decba493759b3fb6afcf8f2abc590d909e0be32724e547af78bc10e25f0
v_conv_predelta	22	4	2048	pos4/v_conv_predelta-22.f32	9a1cc4fdc381f7b8fc4c11c15f23e9d45333308db09a4564099d568871096ef1
a_softplus	22	4	16	pos4/a_softplus-22.f32	dc7adccb906f9d1a48bac1b25ba379d52c4719dc97bcd162f0fd319d20d272a2
gate	22	4	16	pos4/gate-22.f32	67b03bd893253cc54e6f625129e6349f0e7ced94d45d64333dfb61ec4e8d2702
beta_sigmoid	22	4	16	pos4/beta_sigmoid-22.f32	165ff723e421675f17331262cfba14e7d99174b8d468ab567c753952d6ad610d
z	22	4	2048	pos4/z-22.f32	df01b2c196a01c2639e32e02d55eeea5c22dcf06c52f39320675aa83413e6a5e
state_predelta	22	4	262144	pos4/state_predelta-22.f32	82938e9875e72d6b36f672f4d09ff58a28ccd2536ab8f0ccc0df60b5af7d45dd
attn_output	22	4	2048	pos4/attn_output-22.f32	1852dcfbfb77c1749ff7449744f4fc34fa63ac91e3a7442a2a39dfe0e0563a39
new_state	22	4	262144	pos4/new_state-22.f32	4a214373a6e454a807f758b5a398de509021f94e3d2a7f14e7fd3390fb7d6449
final_output	22	4	2048	pos4/final_output-22.f32	1c5a075896729501cbbffce1e10d0147e3cfe4b997d710b73d555010c94a467a
linear_attn_out	22	4	1024	pos4/linear_attn_out-22.f32	44cb1bc19313c96d5446e1378dbf7ea4a35e8f13bff97cd0a208a03b6efbe4ef
attn_residual	22	4	1024	pos4/attn_residual-22.f32	062400c53932a09ba86ea9b6638b8a5dab24050cda601eb17b776f049b855bcf
attn_post_norm	22	4	1024	pos4/attn_post_norm-22.f32	94217ee5a1c1be689f506459b2eb8f71a9ad8da9e804d9c46eee86ce07400790
ffn_out	22	4	1024	pos4/ffn_out-22.f32	d0d427155ef03d52aa81ffea506dde09376e734233fd9744f488dd118242cb4f
l_out	22	4	1024	pos4/l_out-22.f32	6aabca8949f26deba75a67856c893efc59415be2c6b20a6e1fbe846b6673f010
attn_norm	23	4	1024	pos4/attn_norm-23.f32	ddc69d50e10f2acd9e31f1e59f7ef3fd1794dce7570d253a5bc902d9ab1a52af
attn_pregate	23	4	2048	pos4/attn_pregate-23.f32	e7569dc18a6d39e50fd34b1b69a4a14664e882b117fe4515a4c43e3476155d6c
attn_gated	23	4	2048	pos4/attn_gated-23.f32	56809538ca64770bc4e8a65260b804a97ab3d92ba31446a3cbd190d67bd6e6dd
attn_output	23	4	1024	pos4/attn_output-23.f32	71b5e57a00364cc0ae1ead392dcf7b0b8e9249f32ba2a3b69cd4c3ad65ce1ffb
attn_residual	23	4	1024	pos4/attn_residual-23.f32	8f4508f7ba17d850b48c2e96adb3075fe43ea455fbb16ad140943074e284fb88
attn_post_norm	23	4	1024	pos4/attn_post_norm-23.f32	abc061a2ba9c8d81a006c11f07896927e0c05607b4f6bc1f6ca7c9bd1f2d2ae8
ffn_out	23	4	1024	pos4/ffn_out-23.f32	c951bd8d086d2c14cb061c2d57cec9d8f901afd0b473eaa35a4934d261ad1e4d
l_out	23	4	1024	pos4/l_out-23.f32	815221c41c7502dfc298af2b163833e5eba665ad9a05eee5248cffce01b7c0ad
result_norm	-1	4	1024	pos4/result_norm.f32	242879f9c031185a518bac860e16863fbdfab67564d03ded18824f48eef441a4
result_output	-1	4	248320	pos4/result_output.f32	fb33a3a52ba12561a3dd0ef5214ccc0c298bf8d5d0b1bf278db904d7f5f0a5de
model.input_embed	-1	28	1024	pos28/model.input_embed.f32	42840b96bd73b0c97b92fedfd5b77eb68eb80783816423cd54104ff915f47ff1
attn_norm	0	28	1024	pos28/attn_norm-0.f32	76009728a7550d71d93cd9295e593d5ed2601466dd992228e6b493785930d69e
conv_output_silu	0	28	6144	pos28/conv_output_silu-0.f32	29fcd6537b73a74989e04b735f104dd154f2a74aae4a480de27e121d1f529d52
q_conv_predelta	0	28	2048	pos28/q_conv_predelta-0.f32	f45b5d82a144a30c37ee908085a8df024665541121dd9f4b775cebdc1a9b84f0
k_conv_predelta	0	28	2048	pos28/k_conv_predelta-0.f32	0a6174b096f83a407fed0414946a5c568a6dafac916c6871d5d74675f34f2222
v_conv_predelta	0	28	2048	pos28/v_conv_predelta-0.f32	b8a683c67ecd1140236a63c673323bf66910adb717956b751dd59d54f2a8b147
a_softplus	0	28	16	pos28/a_softplus-0.f32	507424a59e1ae08518724033f0ccef9013ab69387f998650d01352fc7b2a4b72
gate	0	28	16	pos28/gate-0.f32	3406072e51aa5195bb46e7db6dfaa24b325fa1b6d756fa5f7739ad47d2de9167
beta_sigmoid	0	28	16	pos28/beta_sigmoid-0.f32	f38ba37762e263c3a74b180dfdbf54acc5b617c495ee3c26cc2a54f8ef07ed0f
z	0	28	2048	pos28/z-0.f32	2b6f73d1099746363b562be4d2ee03a95259550448b5e3af2a839ef6e01b4fb9
state_predelta	0	28	262144	pos28/state_predelta-0.f32	a1cfa0a4d0f5e773796976360cd869726bbd7de96f8fc53224eac27644e0ab8d
attn_output	0	28	2048	pos28/attn_output-0.f32	a9c6ff3dec3699770feaac676636d112a1637ac6e81273aaa8629ecdbde1e917
new_state	0	28	262144	pos28/new_state-0.f32	59ac70171ad0fe78eb4e0abfef637882e7eafa596200656f9cd4db3ffd15ba3d
final_output	0	28	2048	pos28/final_output-0.f32	f6847f356ff1bb23751baf68123d8a0cdcc0f12cbf22075028761593d0006293
linear_attn_out	0	28	1024	pos28/linear_attn_out-0.f32	006657c42682142f39a9e3e74370f596492b53ba566bcf694fe10c55423ffa0a
attn_residual	0	28	1024	pos28/attn_residual-0.f32	ae0c7edbd3a505a113c598dff04d3a6984dd1ce542ec260a61345d2d5075c9fa
attn_post_norm	0	28	1024	pos28/attn_post_norm-0.f32	0b7ca23124a7492ec2b62b59689898f7eee8d6c75992fc7d6d76c098cf876fb6
ffn_out	0	28	1024	pos28/ffn_out-0.f32	45693c2e33c2a37ffade8a69c94ca4245af0323b16c4f5fcc67edbce1bb42d65
l_out	0	28	1024	pos28/l_out-0.f32	0a30aa4db92707ef7adfa6a2104a8c7c5efd3ed09a0dc196e11ca5d54a592f5e
attn_norm	1	28	1024	pos28/attn_norm-1.f32	6d6ca9b2b4bc84dac293f0f0ac49dffd756e2ac390dd1fa62ff83a02fe1db865
conv_output_silu	1	28	6144	pos28/conv_output_silu-1.f32	a3fcd474174dbecf89a710e4e12f2c1fe4959dc968292e723384e74d782fe3aa
q_conv_predelta	1	28	2048	pos28/q_conv_predelta-1.f32	01d1e1157b7a37c42d5a9ff153fb991d902fa9784dd3a83bf2e9794268199517
k_conv_predelta	1	28	2048	pos28/k_conv_predelta-1.f32	493180364366eda4df652c1aaca9a4836f46c10aa2aa5fdb9c746856bb0f41c3
v_conv_predelta	1	28	2048	pos28/v_conv_predelta-1.f32	e6de97e061f0b6ad4695d83a6e39e17776860fb3c3659eaaceccfc339f6c14ae
a_softplus	1	28	16	pos28/a_softplus-1.f32	18ec33c4a57784c7c975dbaf04ffc5477e82b8fedd6bb8f4dfc6c09297ef8175
gate	1	28	16	pos28/gate-1.f32	670ff91c07cfe3aeb59f5d72ffc1b9e7896742f604c9d39cb88654411b2206bf
beta_sigmoid	1	28	16	pos28/beta_sigmoid-1.f32	1a162820c5655a4710e385da3d78811cff5e54522dc98abd194770adf5d89868
z	1	28	2048	pos28/z-1.f32	d7f7bfe3fe2abdcaa44dba098d5d75ad922a98ad55cebcbc5bcc128c9c55155e
state_predelta	1	28	262144	pos28/state_predelta-1.f32	be4f0749411aba7c00770d71dff51b131147876f710f5bde0d84d3a38d529e04
attn_output	1	28	2048	pos28/attn_output-1.f32	22e69deae2331bbd3125124ef33d2946258e1db6450a82961815188e12bdc208
new_state	1	28	262144	pos28/new_state-1.f32	3e0eb5575e0f415c932ee5faa605348d6ac400cf2e6698aa9a582c5a4accef5e
final_output	1	28	2048	pos28/final_output-1.f32	d9c6370e9eac7cc2ec14951df39b9a79ef928a50052ba61f18cd55802fcc327b
linear_attn_out	1	28	1024	pos28/linear_attn_out-1.f32	cc74da330fd1f80cfd27cbdec08851e334b150b44c47e386e5951fbf43fe2b7b
attn_residual	1	28	1024	pos28/attn_residual-1.f32	2a1c092296a698413b9ba854c408b7ffd2e0912bdc874c1623f422a2f4b4d8f3
attn_post_norm	1	28	1024	pos28/attn_post_norm-1.f32	5e1d0d8e1cb56c24652a9c0131853d3f869365e1a292eee85d4a680d963550ff
ffn_out	1	28	1024	pos28/ffn_out-1.f32	edd69348bec19b217d1c72641b4733aef7f6924b93a24e5ecca36e1cdf158c6a
l_out	1	28	1024	pos28/l_out-1.f32	668f40b5fb936aecd025ec9f2ad497389488e563e53e19cb513fb1056be3f09d
attn_norm	2	28	1024	pos28/attn_norm-2.f32	7974ff983f151d2f8a4f0704ef53291697316cf847a124bf858e4215d9eb90b0
conv_output_silu	2	28	6144	pos28/conv_output_silu-2.f32	ead7c928ffea9a0ff0faaf6933eac48ac09bdcda5052f1c65fef3c7678b3a0c3
q_conv_predelta	2	28	2048	pos28/q_conv_predelta-2.f32	474349ac2dd59e1abff764f3b8b27b8f3461dc9959e604737519a3b56591e02b
k_conv_predelta	2	28	2048	pos28/k_conv_predelta-2.f32	10cc2b3c2d308ba96bbfbe5b44c50a58e2e087476f75453f714d58bda042d5a0
v_conv_predelta	2	28	2048	pos28/v_conv_predelta-2.f32	e339b62871bcbb6d3e155f5186571b0dd8cc911faad97b7d722489320e6df3cc
a_softplus	2	28	16	pos28/a_softplus-2.f32	cc47fc45c577a3a0935691d382688b829e5bc69f4bbfb9117c4513b6ddd284d3
gate	2	28	16	pos28/gate-2.f32	0f8c0c74630b7cd0a32148f3ed03bf5edcddb53f19659f8646d16c0ac9f56afb
beta_sigmoid	2	28	16	pos28/beta_sigmoid-2.f32	93a9984b8c28b38baa96e75b5aa98d8bcaa3ac688b9344e82d58f5dd18cd0be2
z	2	28	2048	pos28/z-2.f32	6db32a9fe8e0d7f07bb098f55494699ba55ba7f917008b2049a04efcbfef5eea
state_predelta	2	28	262144	pos28/state_predelta-2.f32	4e2f44766ae28130205d45d7fbb399e4e1b7ef2790f1b01bb500a25c8e782d5c
attn_output	2	28	2048	pos28/attn_output-2.f32	14e1b9338d54389e13fc6c14a2e3c627696e28ba615385ba0de5bf687af6b9d6
new_state	2	28	262144	pos28/new_state-2.f32	676d55b8e9e24d2c7beaa48aeaa9c3f43de451f5843b102b4ff53bef10d49638
final_output	2	28	2048	pos28/final_output-2.f32	f79d3d1b2dfb4e7b665753b5d35bd8b8a49686296a5afb5861da9d5d0c0d035f
linear_attn_out	2	28	1024	pos28/linear_attn_out-2.f32	ebb1084220df171361cb2a8f1553d4ef57bcbca3617da5bc25edc0974a47624b
attn_residual	2	28	1024	pos28/attn_residual-2.f32	204d0e4ff6b40272101eebc8d279871301198ab1fbccd33535d5f9db83eaf984
attn_post_norm	2	28	1024	pos28/attn_post_norm-2.f32	7b2eb6b2fc6595859de0df5e8527f2a20f84c5c3fdece3cf57d445865b63440c
ffn_out	2	28	1024	pos28/ffn_out-2.f32	53e7c3a57d73132adeaa4235503be560db1dc2a32fba5ef5555f390315edbbe5
l_out	2	28	1024	pos28/l_out-2.f32	134bd4874ee1bb212caf4ec98b2865b782047bb0074c53fec9ffbc69bf3e7349
attn_norm	3	28	1024	pos28/attn_norm-3.f32	f6caf4e49a1035efd7d815a37d0133ea5e9496ad4670b7fc5c1b3bdf129bbe63
attn_pregate	3	28	2048	pos28/attn_pregate-3.f32	976bf694847181d265061034155149f3973697cfd1adafb2030b4b731a41cd9f
attn_gated	3	28	2048	pos28/attn_gated-3.f32	539e3bced0886701a77427a6082712832a2a2cf5fa800c80abd2eef400d366dc
attn_output	3	28	1024	pos28/attn_output-3.f32	2e321887ae356306908704d29082b007367ff5dcc60e74aca0dfbf96a792ee31
attn_residual	3	28	1024	pos28/attn_residual-3.f32	b416aba68c195e9be9f656577ee23fba4478843abdc6ffd355af72daddce3087
attn_post_norm	3	28	1024	pos28/attn_post_norm-3.f32	a6a5c5bcf1f3d6ef475b785a0590d036e0a7cace8e3f231cbae7186415e13099
ffn_out	3	28	1024	pos28/ffn_out-3.f32	49b9752bb2e6a2b4b86854aff3c40447ad54e80a0a689e56067a71487c66442a
l_out	3	28	1024	pos28/l_out-3.f32	7e70499bf8bded8bb012484bc3e8fa6b8be0c8c8f31e4e69355e4b69dcaa187f
attn_norm	4	28	1024	pos28/attn_norm-4.f32	b72920c81710b6f7c4a08621725cfcf317fab04cbbf055ad13c31556798feae2
conv_output_silu	4	28	6144	pos28/conv_output_silu-4.f32	1692b4e132301b43b2e27d5f6dec6b96470e01e14c30366cf776ba52eeffee07
q_conv_predelta	4	28	2048	pos28/q_conv_predelta-4.f32	a5ff31baf1954a6fe070842840d4b2855425b2d2b0c8cc6281419498673b98a8
k_conv_predelta	4	28	2048	pos28/k_conv_predelta-4.f32	8df7720471424b090ed192e07eb1eed3d4e53c338fb5c93a37ffeeee715bdfee
v_conv_predelta	4	28	2048	pos28/v_conv_predelta-4.f32	1f94e0039ec2db6573f7366c05172ff07bb65a1c22c16dd61368a64cb4808d21
a_softplus	4	28	16	pos28/a_softplus-4.f32	669efe87a050a6233c1795579491b3760d5a423782dd64172d8c1db70b09017a
gate	4	28	16	pos28/gate-4.f32	3736040ee6725bfa0f47284ba88dd6d7125e38eba390c023870f9e3b0ba98de2
beta_sigmoid	4	28	16	pos28/beta_sigmoid-4.f32	fed5e8cd76528a1477c8db35a14f8ea9b9d10a2ccc8c572a687f60aaaadd3652
z	4	28	2048	pos28/z-4.f32	7287fe2fb72b8abadfc67c70ea9481d01474ba5d039f20768870e527bd6c3ae3
state_predelta	4	28	262144	pos28/state_predelta-4.f32	c8d124edb790d000a401e77bd1482cb2bafb15f5b74e73fd5343f052fcc81e0e
attn_output	4	28	2048	pos28/attn_output-4.f32	316db4cf90d89bddf6ed8324738f235e07bb7639843350019c91a384249a9577
new_state	4	28	262144	pos28/new_state-4.f32	c143a230fcbe28ba456119992ae309dd7873627aad07a12b25ce4a04521c8e70
final_output	4	28	2048	pos28/final_output-4.f32	1dae7e6d99a049a18706a68328db2e34e3e4449c36aaea4b3e8106afc9f6694d
linear_attn_out	4	28	1024	pos28/linear_attn_out-4.f32	92472e167a5826fce48c47269ecb13eae517a16a60e37d554fa57b8fc451fe4b
attn_residual	4	28	1024	pos28/attn_residual-4.f32	0f7c5c03ccdb64614b2ec923b6bfd0ae1845762e5c69b023003a81bb2e8cbf02
attn_post_norm	4	28	1024	pos28/attn_post_norm-4.f32	2cadb2e94eb5ab6dc2a87253ba8bdb751847b2e37bff6c641cdacc6091c192ba
ffn_out	4	28	1024	pos28/ffn_out-4.f32	1aee4d50313e71d734f62834447811631478a03c9832d112646878c353cf7e74
l_out	4	28	1024	pos28/l_out-4.f32	fcfeb96ef968c5ca750d7119a1cca583356409b6d822f68a4e3586c8700f233e
attn_norm	5	28	1024	pos28/attn_norm-5.f32	bf68208a00e9702a5e5f05695557d4e48b2982aebe25d628829156c0066af268
conv_output_silu	5	28	6144	pos28/conv_output_silu-5.f32	d6a3f70b6c2eabe3a95cc64afd0821d3ad74204d3119c7e3dc8c5bf86c258102
q_conv_predelta	5	28	2048	pos28/q_conv_predelta-5.f32	0765a5bfdca658b9752e6c192fad07ede43634b0419503453bce56782143eb33
k_conv_predelta	5	28	2048	pos28/k_conv_predelta-5.f32	ac0427fb953b953be52c5410924c59fac6a71aea9d6672a620af818cf6e36e12
v_conv_predelta	5	28	2048	pos28/v_conv_predelta-5.f32	839a2762790b992b932191a0f197ad4889f0f2f17020c067337925b32f010ef1
a_softplus	5	28	16	pos28/a_softplus-5.f32	06f23a93f22f54cadea4d9bd565d81b299aefc4c9c7ffd4bfc65bb0500af3991
gate	5	28	16	pos28/gate-5.f32	de9b89235ea485967bf8d53fbe47cd264eed7240b32be5a443cfe938a543b53b
beta_sigmoid	5	28	16	pos28/beta_sigmoid-5.f32	ded347c5d69aed18cbc37b96bba31c8cc5ab12f0954dd9cd2989761b96eee24a
z	5	28	2048	pos28/z-5.f32	7d00d3119d69608077ceaf926e4b2ee59d127d8c968450e11279c5d6f20fa2cd
state_predelta	5	28	262144	pos28/state_predelta-5.f32	6ffb3a3413c6901408edec57c74a1c8167669ef79c3caf72e02a0c73d49807b1
attn_output	5	28	2048	pos28/attn_output-5.f32	0a6576b5404fff27da265d20587f6bc3202ab89c93f7f8f7bb4673f415378d00
new_state	5	28	262144	pos28/new_state-5.f32	a242de6620dc8a9145a1f0a370b64a48681a7b3cc1b82801ddc43aeebf6a032f
final_output	5	28	2048	pos28/final_output-5.f32	3e6b9620c4e0d031bcc1587c37df6ee2e5bf4ec6827a22387c74a1f6b7538e07
linear_attn_out	5	28	1024	pos28/linear_attn_out-5.f32	eb9be1c59d1e556ea6ee143f70f29404ab3f7abe0046682492ba7358741d137f
attn_residual	5	28	1024	pos28/attn_residual-5.f32	96f33a7f81958d785bcfc7c01bc08b9a340991ec0c2489e5fb9d5b131efe5616
attn_post_norm	5	28	1024	pos28/attn_post_norm-5.f32	f4c6bb5d7a3cc81f715e6a86a2d495a0b412ecd080b9651d58f845fe549ce284
ffn_out	5	28	1024	pos28/ffn_out-5.f32	0f2030796cf49eed442db6a8484dd95dc8900abf78a8b880ac028d470ccd8dc9
l_out	5	28	1024	pos28/l_out-5.f32	e995174dcba8e5e6239b2df09771a4f15dc8007937512249ae44a12d58f8e528
attn_norm	6	28	1024	pos28/attn_norm-6.f32	36b6ec8a6cc9dd121657b9eb17d439b2fe06833fb1f4c406cd5de71d2eb0d42d
conv_output_silu	6	28	6144	pos28/conv_output_silu-6.f32	86a400a532541c6b0ad56171b1eb705420fc5ad596223576244b635df0eb1de2
q_conv_predelta	6	28	2048	pos28/q_conv_predelta-6.f32	f06b3c2ea183f6e549dbf1bd7df0eb4ccdf97a65d27e541be58b0ddec161e17d
k_conv_predelta	6	28	2048	pos28/k_conv_predelta-6.f32	4b1ae30bb1301f79eeb36a65b232694ba2950677feb78bf27c9a84f245ce8b83
v_conv_predelta	6	28	2048	pos28/v_conv_predelta-6.f32	8e0ad48a13e1b00c889dc3f59c3c67dc082416890e63266f0940c734065d1e6b
a_softplus	6	28	16	pos28/a_softplus-6.f32	d31328b3fd204f553a0d6425a3ca05425bf3fa1e72cd933638407bd1a2c196d1
gate	6	28	16	pos28/gate-6.f32	e9494c038368ef715cfed7e23a065c655457f2a24978a242ea521d6bbc1a0a92
beta_sigmoid	6	28	16	pos28/beta_sigmoid-6.f32	bdfa88849c987befa7572623471942908e708beac25bb9bbe3a35c715dfd24b5
z	6	28	2048	pos28/z-6.f32	a90bcdfadcada57c580925929d00b4bd11f9e2c03007a25da717ed418e2e7698
state_predelta	6	28	262144	pos28/state_predelta-6.f32	a4477f1494985894c00b874a358b3f3d851b648632ea8a6ca64fddf6de4ac855
attn_output	6	28	2048	pos28/attn_output-6.f32	ad3852a883725948f71d91ad50ab4a28075837d131bfae25691257e52ea566ef
new_state	6	28	262144	pos28/new_state-6.f32	bcf31f06286c513c5d8c6a54d9f4189deb420a950d7f433dfe3572737231d309
final_output	6	28	2048	pos28/final_output-6.f32	910eac51cb961bce2224a809f61b3700383239031b2b5837165214c66e27c27f
linear_attn_out	6	28	1024	pos28/linear_attn_out-6.f32	94ce976beb44786b852e1d98bb30300abdef75e1b0e93cbbfd033f1ccb00d993
attn_residual	6	28	1024	pos28/attn_residual-6.f32	243664341a8fe7a1f1ccb6bff1caa8803464879299659c9f102c88ff4d728dbd
attn_post_norm	6	28	1024	pos28/attn_post_norm-6.f32	40638643e26757e14fdd1d1e116745d38482c1e7fda7863d47bf7d2604dd4e27
ffn_out	6	28	1024	pos28/ffn_out-6.f32	da4ac1ccfea9c3dc3bfb0b0ce8852b9beb6e9683946073463a7475a272809764
l_out	6	28	1024	pos28/l_out-6.f32	128378c815eda1ddd5636cd7c8dd5d51c901a9c5502a31b46ab147cd586d1200
attn_norm	7	28	1024	pos28/attn_norm-7.f32	6c932558339d5fb140bd6a91d632cc81970fa3af81a199dcc9c4f4c90b534abb
attn_pregate	7	28	2048	pos28/attn_pregate-7.f32	277775a681f02b3db5e8dd31e4c650709867b8232ee333793aeb06b2ffe9df84
attn_gated	7	28	2048	pos28/attn_gated-7.f32	9796011b1c480d37eed0c98079b2cbdb36a1d437d0cf225f2c5e4a50c8395deb
attn_output	7	28	1024	pos28/attn_output-7.f32	c69fc8b6b53985eb281dd247ed0c8ea5c8e8084509058d3b21a405707827efd5
attn_residual	7	28	1024	pos28/attn_residual-7.f32	698f25f2ca624ce46713451524e161440fef06e3abd9b896bafdf52a88aeb0bd
attn_post_norm	7	28	1024	pos28/attn_post_norm-7.f32	6e4a820412cd749b8b4b9d46c0461c8fc73b68ac05c16336eda49a426d183d05
ffn_out	7	28	1024	pos28/ffn_out-7.f32	aa661129dcb385a4d4d19d8b17d62ab005cd867312a379f43fe0ee66068d3dbb
l_out	7	28	1024	pos28/l_out-7.f32	871eb067da0771f151dc33f43387de8ed8f6ba63de1e971d522fc8f6ef0671fe
attn_norm	8	28	1024	pos28/attn_norm-8.f32	077935d5dc234871de9c33f64c4174373ab9d64aa9b1399180f4acbcaae00d84
conv_output_silu	8	28	6144	pos28/conv_output_silu-8.f32	dc8d829d05cacea6c84becb5f0fe2af5f635b998a1dd5f2a6cf1116396aedac8
q_conv_predelta	8	28	2048	pos28/q_conv_predelta-8.f32	ed0209905a79a5d2da1ef104501eac8108557e1dd09ffe323574c8158b1917c4
k_conv_predelta	8	28	2048	pos28/k_conv_predelta-8.f32	823c32e8aa6cba37230f66095104e2ae3befb2f8e9cb7b71eb5d4a118ebaadea
v_conv_predelta	8	28	2048	pos28/v_conv_predelta-8.f32	c99c5684d11ac1b88420eca1c87b2547c760a18e0077b351d0046d42efd26904
a_softplus	8	28	16	pos28/a_softplus-8.f32	84d7f231f2d53d210e376d577f9043c837048a986a035e68d8d2cf67aa5a39d8
gate	8	28	16	pos28/gate-8.f32	127c711a04817fa4ad200378f518dd5e9ee0115f45090d9290ec22b035b58485
beta_sigmoid	8	28	16	pos28/beta_sigmoid-8.f32	6105e80f6be0ed870354ea39426da7c129f9c533cb539d7585e176f223cc2fa1
z	8	28	2048	pos28/z-8.f32	5d92e08a0b940091102fd2d14309f47d4a4f7bb4b6603b287a4ae626856eac7f
state_predelta	8	28	262144	pos28/state_predelta-8.f32	c82aa236788182c53d6cb1d40fa7f3478e9f353e15b000526854370b63910fc6
attn_output	8	28	2048	pos28/attn_output-8.f32	dd5f902aeddab0b5d8c8ad544a032a3dd14033bbf314d7c2d39ee21b38201e97
new_state	8	28	262144	pos28/new_state-8.f32	49f688f12854e4b8824f1f27a6c779bcd849176fdea18e3cb6cbd5e17cf24ef9
final_output	8	28	2048	pos28/final_output-8.f32	cb0edcb13d68883ea89fcef3a4ddacf18ca76346f57cd3d7faa38a1d637ef4ba
linear_attn_out	8	28	1024	pos28/linear_attn_out-8.f32	e09ff456b2650274dbf923b3d53a8a9cb7c4945e1c216329c96467686c30796e
attn_residual	8	28	1024	pos28/attn_residual-8.f32	04de127d0eb44f184d394da02e6b5c6802205d1bea113c15eb33e0aae0107f85
attn_post_norm	8	28	1024	pos28/attn_post_norm-8.f32	b612e53866cb14a1e3a80d44283885580fbd5827e1b0e0d80f8928347ea5a9c9
ffn_out	8	28	1024	pos28/ffn_out-8.f32	b9e5a1f3b27c8c5e3825fa55b6d0676f3e0cf9c3a5eea08a5f7658240e0a7eff
l_out	8	28	1024	pos28/l_out-8.f32	bc1fabc92549f8bc98b5a85e648b174027dd8896a0b643e4f78afec050741fec
attn_norm	9	28	1024	pos28/attn_norm-9.f32	7f2dee06cc62ec71a10d0a2404cdc5b44bd87e46618f544ef36ec92588f2159d
conv_output_silu	9	28	6144	pos28/conv_output_silu-9.f32	9e89efb1bb54fe1d9daf8fdcb37d65bc3d032eddc0da6ba4e60ef282a844ba47
q_conv_predelta	9	28	2048	pos28/q_conv_predelta-9.f32	9b42ca5cc5f7427075a08751126f4e19d3a8985770a0bb4aeb73c8b19a8de714
k_conv_predelta	9	28	2048	pos28/k_conv_predelta-9.f32	2c6bb199853d2e99f0d6adc774d7e30d97dd967baf856fc2feb444668f81b7fa
v_conv_predelta	9	28	2048	pos28/v_conv_predelta-9.f32	7f7574b442d2577b2a3a495b9077e6f1180ac91d1be4aca2ed691a1ee27ec92a
a_softplus	9	28	16	pos28/a_softplus-9.f32	5c4e153b794b6492e67212f9681572cdc1044dfe214a1090a002558621d77583
gate	9	28	16	pos28/gate-9.f32	3794197e9e482199c499d13928b47ac895015ec6d0b25d2262d3bb92f0227803
beta_sigmoid	9	28	16	pos28/beta_sigmoid-9.f32	a013d85f9b487579dd03e29f1b8aa61b1cdc8d2ccadc843960d58be94dbe9764
z	9	28	2048	pos28/z-9.f32	1d7c851e4e7fce817ebdf439f44d899ff5ab1184fb6988c3355793acfeb6fcc1
state_predelta	9	28	262144	pos28/state_predelta-9.f32	5bdcbbad768403ba7211120e21306626197875757260c897c53c7d248215286a
attn_output	9	28	2048	pos28/attn_output-9.f32	e581b520be7b059a1ff9a090ea1ed353ef9a15171ce0628b9765e81887c0be4f
new_state	9	28	262144	pos28/new_state-9.f32	26a7ae782d26866f775553ff6031c4470b813468797bf6bb6382ee620a41a417
final_output	9	28	2048	pos28/final_output-9.f32	00ab8ee346e370deec5896f404efb61a7d012e1d3efba13f968583ddc9a453a4
linear_attn_out	9	28	1024	pos28/linear_attn_out-9.f32	67a007a0eccbc9137a605550abb45b1ac1be22764bae5b6f1671c111468f5fae
attn_residual	9	28	1024	pos28/attn_residual-9.f32	0b623a4e66f5764a7039ffb3f28f1d634b3006b4213888906c8c0947f1b1e999
attn_post_norm	9	28	1024	pos28/attn_post_norm-9.f32	fa6810fd6b9f872413874271b54456dc3fd986c34b302a1f78d7f7eb5ef50b05
ffn_out	9	28	1024	pos28/ffn_out-9.f32	249cef92d430219126a38e1250b05b324784883ffe49100d678b3a1b691fdef4
l_out	9	28	1024	pos28/l_out-9.f32	5eee550b76bebdbae76d5fa6a1e969cf1ee79a375575de8a009eb4452a1594e7
attn_norm	10	28	1024	pos28/attn_norm-10.f32	d9d82c00aeac2e1afefda5a1e41e979c38dbe02e1be9d95fe84bb208013ab8f6
conv_output_silu	10	28	6144	pos28/conv_output_silu-10.f32	e2500d90318590c4564bc3f65b6b19b341c4493d68ada14434d404adf8e0defb
q_conv_predelta	10	28	2048	pos28/q_conv_predelta-10.f32	b03bc98f354ed08ee771978c9cc34a059b1106d304c4eb7d52cc9b9f231b01b8
k_conv_predelta	10	28	2048	pos28/k_conv_predelta-10.f32	71d74655ba426bceda85798fff3e1e34c1753cce44a402d62f928ef3f0c32902
v_conv_predelta	10	28	2048	pos28/v_conv_predelta-10.f32	9cbfd0d6209b1bc48c94a6c39aadbae3866c63bef4db6b527abde4d3dbc89906
a_softplus	10	28	16	pos28/a_softplus-10.f32	21e1ef85856bfff193fd0736761423f67120b17fe77f5c74c696c5dd53e09c5e
gate	10	28	16	pos28/gate-10.f32	7db4a8d0665cb95523fd10d212cce76a3a9bb022676223bdeb030a80f278757f
beta_sigmoid	10	28	16	pos28/beta_sigmoid-10.f32	5b425cb04155a0c17fbfcc6a1bf9b3f57b23789e0ddca0c336fcd5e135a32214
z	10	28	2048	pos28/z-10.f32	78ab007f881b12c5f91f37b66691c6f0c4302cc0b7cbb57dc2e40dd6a595d89f
state_predelta	10	28	262144	pos28/state_predelta-10.f32	8e2a877148aca3bf6a27b46d1a5628c753140ffb9ac43bcae63aa0d75c97af9d
attn_output	10	28	2048	pos28/attn_output-10.f32	d5015d850f9f6112176cd5b75890f63f1c35f9b0fa3e2de2f424e03f28b2a01c
new_state	10	28	262144	pos28/new_state-10.f32	775b0540b1d04d700048deb6b8928ebf1ffbd488283014a2618be5d1b7f5f339
final_output	10	28	2048	pos28/final_output-10.f32	3bb7ec6dee0486d8f67b7260929155e9d78838900d37d36341c06fa309edf7c5
linear_attn_out	10	28	1024	pos28/linear_attn_out-10.f32	3024fa1c578458922f34280c1bd0fc6a78705b956d2fe1b0340896f62a0b1919
attn_residual	10	28	1024	pos28/attn_residual-10.f32	0b1844a7a439a3c7670a83f65817c48361001b141a024f839d0e31829b4cc1b7
attn_post_norm	10	28	1024	pos28/attn_post_norm-10.f32	219ebeb2be1efd4b6f7153e164f23dd336b75c7cd6e05ab3855925e484c4a018
ffn_out	10	28	1024	pos28/ffn_out-10.f32	573d82769bd76d14d75c802cdd8d1f24b38369e9bd2a028520b597785091c04e
l_out	10	28	1024	pos28/l_out-10.f32	869ea0c169682e129e46eefbc5cedd479f1a368a8e098e7c5b9b55a07e64443f
attn_norm	11	28	1024	pos28/attn_norm-11.f32	2252b8dd8ec3def4acb7142fc31e0ef2055376d8a1f986c41998382e0f2acef6
attn_pregate	11	28	2048	pos28/attn_pregate-11.f32	f41cb97a6f997894151e315d0bfa1d3afbba54b41f276bb9fa74167b3981bb16
attn_gated	11	28	2048	pos28/attn_gated-11.f32	4f73e835cd88f178ff9528396a7eba33fa0be5a12bc7647a229cffbbb8fe19f4
attn_output	11	28	1024	pos28/attn_output-11.f32	793f10667ad17aa69c7221156e3c268af2d867e0c1586d4a4389a7e5e44a9009
attn_residual	11	28	1024	pos28/attn_residual-11.f32	55da06c69c56b0f4df93d99d853fdcfbe04358dc760b3f26f8553fc48005df15
attn_post_norm	11	28	1024	pos28/attn_post_norm-11.f32	62f69c6997adf2f3bf075b853530a6ce5bc63a26f8aff574e4d43dc9f6a0bd83
ffn_out	11	28	1024	pos28/ffn_out-11.f32	7e59cc79f8b8d5f9aed6565eb89df034355aa7d65e10c66cda842365c0146240
l_out	11	28	1024	pos28/l_out-11.f32	082cb5515cbfaf6f4f800129f87f6b98f492f94f427a8cb95096270e0e3e927c
attn_norm	12	28	1024	pos28/attn_norm-12.f32	41515a8075fd4b6ba2f5c67e8784ad8cfe609bca86aaebaa455f6e004909a243
conv_output_silu	12	28	6144	pos28/conv_output_silu-12.f32	9cf407bad938773b96bce4f4bef52221a5568dcf7b58f2265eec1906eda30acd
q_conv_predelta	12	28	2048	pos28/q_conv_predelta-12.f32	e6775ec73dc528c9d57278e05373aea6bf3d09c12b7db939ac8178de1393c740
k_conv_predelta	12	28	2048	pos28/k_conv_predelta-12.f32	0524e0b028453c359f9d7b884f323b2b55af3a263887c2053034332ce21b8940
v_conv_predelta	12	28	2048	pos28/v_conv_predelta-12.f32	fc205a39fc36d685b8966f26da0a1e83bd9cc45d5dd7fd6a28140440fdebd720
a_softplus	12	28	16	pos28/a_softplus-12.f32	7b9ae0dd538380c803292bc5a5797850e49248264a8aacc6be2eba1491def685
gate	12	28	16	pos28/gate-12.f32	7d9cfa3b1a352992d21c99f75bf6e83fda440e16ecdf8f365f078a7626824506
beta_sigmoid	12	28	16	pos28/beta_sigmoid-12.f32	d3c42bca1f033b766f2089d4d40e634048f1d2767ce5a8c4b81b825d332b1e8a
z	12	28	2048	pos28/z-12.f32	9900bf0cbbe690f38af76fa563d0b86775d3691b72b546a4c0d5a44b015a12d1
state_predelta	12	28	262144	pos28/state_predelta-12.f32	9fa172452e9db39c84e037b413a843115f1d8e6bc7fee1e1df9ab83f2c2579d3
attn_output	12	28	2048	pos28/attn_output-12.f32	d31aa8693d4c29ac17b2bedf3950fd968f1ec38c89c5254d582dd3edd6333dd9
new_state	12	28	262144	pos28/new_state-12.f32	37440f46e6e254abb4cd1562c90d7e9ac0a8d3711626629a5bca4e7cfd3884f9
final_output	12	28	2048	pos28/final_output-12.f32	5351419a1415ea99294f4b1cc99beb3a574b96591266d39a5a7879a404d0799e
linear_attn_out	12	28	1024	pos28/linear_attn_out-12.f32	919c0bb224a1bb41de0e62020597b91caa0fd1f541707c087058a57cd40e4fa2
attn_residual	12	28	1024	pos28/attn_residual-12.f32	a0a70a4bc5567d1e1f1c1a087939fa551a17ff37cd4c48b80bcd61315cce8e7c
attn_post_norm	12	28	1024	pos28/attn_post_norm-12.f32	0b7efcd75f41d70f96be2c4893eaad51aadb26083ce26272e402b139db6b6c4c
ffn_out	12	28	1024	pos28/ffn_out-12.f32	2664425938c0b81e56d89cbb78d27dec01f7693971a787f90dcf96b817b6fbbd
l_out	12	28	1024	pos28/l_out-12.f32	505ebbd24b40975873e3a55d3f0912078644105fa2125ff1d7b19a720d32ea39
attn_norm	13	28	1024	pos28/attn_norm-13.f32	eeb921fb1160a5eb36eefb71a2223bad7c11e8dcbfeed40ba4883235e52062b9
conv_output_silu	13	28	6144	pos28/conv_output_silu-13.f32	6e27458c8df91c04e4bbb03ff0432c4f080c70b790fe8dce9c4d4850488b7427
q_conv_predelta	13	28	2048	pos28/q_conv_predelta-13.f32	68204a52ac2b817e3cc0a349ded89a691cd6eb7ab6eb0239f01029ddd335bc2d
k_conv_predelta	13	28	2048	pos28/k_conv_predelta-13.f32	5798dbab3ef98fbd2ff49a3334fe97fec2fa3bd0b7bf000ed30328f1c9819cc5
v_conv_predelta	13	28	2048	pos28/v_conv_predelta-13.f32	e8eb12dba05fa15bc0536e700a284be8771aa813c3479fb1c729691cf9ddd2f7
a_softplus	13	28	16	pos28/a_softplus-13.f32	184ba928b07ab63cfa96ff8a7f16edba37a8470d1728aad0f8d90f20c6a884ab
gate	13	28	16	pos28/gate-13.f32	9e721ba37c49d8c53e4d4dd330b8e048d8e1de39ce1ccc15ae3ba63ab29e42e0
beta_sigmoid	13	28	16	pos28/beta_sigmoid-13.f32	45f58a5b71c302e11e0ca0b406d49241aff8b07b5d05f7b9d5c6c61555c2ce0c
z	13	28	2048	pos28/z-13.f32	abf1bdee5ed6c4b0102cb367965d12a057caca370f14d8bf69d34bf15fc10c59
state_predelta	13	28	262144	pos28/state_predelta-13.f32	6433f2c09d86dfd4a0b6068e9c68478166c9e68fcd37c404f23652f2bdeb996a
attn_output	13	28	2048	pos28/attn_output-13.f32	2b5b9dbdc124c18e2497d2ca43049955237306015e24849331f81da72ff0661f
new_state	13	28	262144	pos28/new_state-13.f32	ce4236f8e465d214d47d3dfa9e117c02a01038d3b074f592ddee2a9ba39d04d5
final_output	13	28	2048	pos28/final_output-13.f32	8956becdb288c89b964c7c053458011b97480c166da3914ba8b000a8724aaba1
linear_attn_out	13	28	1024	pos28/linear_attn_out-13.f32	5fbd60128df896b07111ef958bb8160bd290672670e1c3dde8e67b7e4a0512a2
attn_residual	13	28	1024	pos28/attn_residual-13.f32	b57af622d512585e111eaed5172988fd814ef40c3f5d4da4608c36bf865af3d2
attn_post_norm	13	28	1024	pos28/attn_post_norm-13.f32	6d7cbad6452ca256b09bcaf2a4c9318f7c896c5ef735bd989771b6707072594c
ffn_out	13	28	1024	pos28/ffn_out-13.f32	7bc47edd4724f4397f778500791ffd33101f5f2302833d16c916208a37ea87fb
l_out	13	28	1024	pos28/l_out-13.f32	a36d4dca064515a1f0c4d56aafb5cfb1ef3736e6c94701b038bb5a767f830ab5
attn_norm	14	28	1024	pos28/attn_norm-14.f32	ca5ddfb699514428d3965e730c099da989d63f1796c99de97f238348c5521f5f
conv_output_silu	14	28	6144	pos28/conv_output_silu-14.f32	8fa19b865e280ce32e4ee359b410b5465247125db07e78e188ee0b383ede122c
q_conv_predelta	14	28	2048	pos28/q_conv_predelta-14.f32	a0e4e65536f298c8bd02055d38a33faf358830af091540ddf2d93b3ff5d05736
k_conv_predelta	14	28	2048	pos28/k_conv_predelta-14.f32	b77da16112d813725a4e271dc41ea7fdfe591933b5b961e36e5d09b3b920a9ca
v_conv_predelta	14	28	2048	pos28/v_conv_predelta-14.f32	71d64bd7462fdd262cdf718215e13cd331d3b8d86128978900717be1d8476354
a_softplus	14	28	16	pos28/a_softplus-14.f32	c943f0074db9f6b656fabfb5e6decc7c444523c03f02cdd4fd4c8bcd69a72e26
gate	14	28	16	pos28/gate-14.f32	33a34bd3beaad8678add67349ff24350b406adec3cb3041d059f802fc65f4041
beta_sigmoid	14	28	16	pos28/beta_sigmoid-14.f32	2d294aebdc89faee9482f4791af2dd8709a877665933a5ad0f3175ab79a39d37
z	14	28	2048	pos28/z-14.f32	90011534036e895ea1e856bef9e54d17576f75378c792cd58997a292f985d72b
state_predelta	14	28	262144	pos28/state_predelta-14.f32	1744e8c591e19c04a71b88d1fdef0cac5b25d76ff016eac7b20a0e324074997c
attn_output	14	28	2048	pos28/attn_output-14.f32	a7ea5d2a8572497f24fd7132ff8d926c166065aa92140773d145272c40dc12d4
new_state	14	28	262144	pos28/new_state-14.f32	ca7c53da3488fa432c3480154ec81b06d1888e3d2b647c3b30825a66b04db583
final_output	14	28	2048	pos28/final_output-14.f32	6716a90bc6a9a7d00cf74dd45a31fc6796058dbc97b6daee200b710bfa5e888d
linear_attn_out	14	28	1024	pos28/linear_attn_out-14.f32	7a4a41edf9c227c63c6f0d693d492cd58989740406e5a07e52a8e23a4bf56715
attn_residual	14	28	1024	pos28/attn_residual-14.f32	dbf0f495dca85cd33d86455875965dc4e86e06803ebcc4198b1cdd2c1bfe1611
attn_post_norm	14	28	1024	pos28/attn_post_norm-14.f32	4b68376a77686f9d6653f9e3b1553c3eadad25f316d9971a3d28b57671d742f0
ffn_out	14	28	1024	pos28/ffn_out-14.f32	5a95211c5b4f2df6a489254aad639a83a4718008e94b851531eacfb7ef040ba0
l_out	14	28	1024	pos28/l_out-14.f32	197fbc30742781b1babbe467cea7899b38ea77192bc7b9e6991353ffeec1a648
attn_norm	15	28	1024	pos28/attn_norm-15.f32	0a87aaea66aa44ae0294c66c6807c5e53c72df42881aae3f9b0175ce6896890d
attn_pregate	15	28	2048	pos28/attn_pregate-15.f32	8ec87174524ccf18c0996890b3442464a213ef44b13e76ea2f43735cf661c3d7
attn_gated	15	28	2048	pos28/attn_gated-15.f32	8180805c416fe84a1a62825ea0588dd9f2870f62965c55729d706e82ec250b53
attn_output	15	28	1024	pos28/attn_output-15.f32	984fa634956c44ee420c6c68bf1bea55af63ce09ed86d7ab3e91103b21aa8f4b
attn_residual	15	28	1024	pos28/attn_residual-15.f32	0fb6c62a6b99917b686e6f0eba058e23aad148cd1e5ec979985fc03294be6f20
attn_post_norm	15	28	1024	pos28/attn_post_norm-15.f32	9d805dd2b075f39e65808d2e0f5c90d7881ceaee664958d512be7ce9733d3ee5
ffn_out	15	28	1024	pos28/ffn_out-15.f32	c65dc4d9a9eb27acda598cd4908d59dc807348d905ec463378313a12761a22fc
l_out	15	28	1024	pos28/l_out-15.f32	d35694deff3beafa78b705d3dc7c9109489f6b0629c8417f1ea2afb3ab441b30
attn_norm	16	28	1024	pos28/attn_norm-16.f32	34198dc3702b3a34e4d0ea54adf7bddc60be35c71ea66245e11ebe841d50ddfc
conv_output_silu	16	28	6144	pos28/conv_output_silu-16.f32	6acdee0d48203d24a1222999921d6f6acaab7ec3d5503599bf535b18e2832832
q_conv_predelta	16	28	2048	pos28/q_conv_predelta-16.f32	405054ac4302b100b6bac0634fba7125a13df34f6adf9f4d8b820d5fe9e070e5
k_conv_predelta	16	28	2048	pos28/k_conv_predelta-16.f32	860c57f18a2a9a6c25e682e12531c672ea32921c08494162805a3b808680878a
v_conv_predelta	16	28	2048	pos28/v_conv_predelta-16.f32	db80df868961e3799dd727fea77906a816b8bc8c11513e86b2d6f85e870907e8
a_softplus	16	28	16	pos28/a_softplus-16.f32	654177724df2009dac18e7a13f725f09cfe1e59ffa4798953aa46e49a740a1d4
gate	16	28	16	pos28/gate-16.f32	eea4f3f27be4a4cedd6099b0c89aa6b4ce245d3bb4a51fcbe3600cfbb07510f8
beta_sigmoid	16	28	16	pos28/beta_sigmoid-16.f32	006afe7ec810935cf28bbe8fdcf77118bbdd172cd09ba1cd241f453a2139ba2d
z	16	28	2048	pos28/z-16.f32	8aed481869ad7202a4c9ad7449b72315b7fef3d885dbdfad6160c80c992c84e3
state_predelta	16	28	262144	pos28/state_predelta-16.f32	9f6696673fb9b814f7147246fde7771220dffb01cb65bc6773e11c04a6c3e921
attn_output	16	28	2048	pos28/attn_output-16.f32	4affdaacaeee062ff75d87be38ede15caaa1c460230f282509741f00ef2d5f7c
new_state	16	28	262144	pos28/new_state-16.f32	d93eb3ed9d54121b00bb9fcc12d185ee6c0e5cf2fb1e3ee8a7c0102342abf466
final_output	16	28	2048	pos28/final_output-16.f32	1a086b86f9d4695ec36fcc07690f2671c375d5038359194cad43f12e3c951f4e
linear_attn_out	16	28	1024	pos28/linear_attn_out-16.f32	e671d50dfdbc6be8ce65ffe46df961ae2c11aeda1a5712555bdeb17a18a8ac75
attn_residual	16	28	1024	pos28/attn_residual-16.f32	d6907b892007cd6993b04e602f2c7e36eca50f84fc41e6082734e252180961b5
attn_post_norm	16	28	1024	pos28/attn_post_norm-16.f32	15cd319e0b36a46468e0a7824a47595e13fa0ea2d3e369e55882201e1f94f903
ffn_out	16	28	1024	pos28/ffn_out-16.f32	6bc3d6a1238087ff9125b59a38a0dff003ac4ec67bd49f94af2a301f53b0b23c
l_out	16	28	1024	pos28/l_out-16.f32	6a5c43206c702289dc48c8506cd3d4626baf27ee5bef9b14b395db3a007c5c6f
attn_norm	17	28	1024	pos28/attn_norm-17.f32	9414cf14ea446aeb304674e9003b3db4ddcdb8dc0f2004b5d39d704866cbe2a9
conv_output_silu	17	28	6144	pos28/conv_output_silu-17.f32	72eaa3bc2c754292b74be70667f2639a38b861116ce5dd97692a98b58aa2807e
q_conv_predelta	17	28	2048	pos28/q_conv_predelta-17.f32	121e46815244f7eeebb955622d8d462918c63ecf4af348dc7b0dcc2ca9a8cf18
k_conv_predelta	17	28	2048	pos28/k_conv_predelta-17.f32	102634ae9df1bb41efb0c7e29fe5d37b4976a1093894d6997f69d394b1cdc29d
v_conv_predelta	17	28	2048	pos28/v_conv_predelta-17.f32	7698ed88ccde59aceaea5028425e96b3d8b46ab6a8577f344ab414ea22b6170a
a_softplus	17	28	16	pos28/a_softplus-17.f32	ed1c57705d6197eabf7a9aee2eef731902877689b0345968822422f42db54cf5
gate	17	28	16	pos28/gate-17.f32	d71c75c3798352939c1d103d037df9b2aaf516c8a32ef7bcaaf723ef9be4794d
beta_sigmoid	17	28	16	pos28/beta_sigmoid-17.f32	7221e91446e9c69500ecf4be098c03fad76ddff2850d77b55bc020a63dec4da4
z	17	28	2048	pos28/z-17.f32	ed41271a5632c017178a68842f164fe49879a97e10dc6918418e071d9ff9a3e6
state_predelta	17	28	262144	pos28/state_predelta-17.f32	214af8d3697fc3569646058d433af7e76a3878c3e2b9bfd4447f7e94ed46a183
attn_output	17	28	2048	pos28/attn_output-17.f32	2681193f7687d4829cab5b16b986fd8b745ace2daba18045b2b6ee0b95755917
new_state	17	28	262144	pos28/new_state-17.f32	8e99de971821efd5bd5ca431cd0a9cbe26c1739afdc74bb30030390041751545
final_output	17	28	2048	pos28/final_output-17.f32	0152fd1e9c1f60105fbedb1551c6bcd330d517979026a1bfb9f6dcfccf3c663c
linear_attn_out	17	28	1024	pos28/linear_attn_out-17.f32	b32caba7400ead48bd90930d2a24a422f9506df4348886372b23382847b629f3
attn_residual	17	28	1024	pos28/attn_residual-17.f32	9c9bd9295ee26b4fa341dc5b8e1e0f089c3790616ad289a0c7dd7ede14ce0252
attn_post_norm	17	28	1024	pos28/attn_post_norm-17.f32	edab896c14edfcec2449e8ae763b18842cfe48cca4455854ab679b3b9e12f477
ffn_out	17	28	1024	pos28/ffn_out-17.f32	50c98d2c895bcadd9e75ab97ba77cda400d4ddfa0d2df7830f2d46ddfd04284f
l_out	17	28	1024	pos28/l_out-17.f32	c85004b7e5e29fbfa5bb4b841a309f726681a63a4f77feffe3afcd99dcf80eba
attn_norm	18	28	1024	pos28/attn_norm-18.f32	5c80d7614a2fbefd17e8b06b2a40209949db8c1832dd89628f4d154ceab35d90
conv_output_silu	18	28	6144	pos28/conv_output_silu-18.f32	c6e00cf1d22d907fa8a60bc1631a1f512c0a60cf264c10c67d946c1db4e78078
q_conv_predelta	18	28	2048	pos28/q_conv_predelta-18.f32	fae04a285e384273b6fec19caf4f9c93d3458c1d997cb00ada5834a1d3c4d1d6
k_conv_predelta	18	28	2048	pos28/k_conv_predelta-18.f32	1483cf13d9a81345b37d214c22fb3869ba5325bf5b76d0c4218cc54c1a57d950
v_conv_predelta	18	28	2048	pos28/v_conv_predelta-18.f32	ef9334292986a3d4877403c8c522ecadf7caa1c98eaaf899b813fc7bde068133
a_softplus	18	28	16	pos28/a_softplus-18.f32	b2f067b3bcc98e39189879870b600990d1ed1a0a16f63cda997cf542054998ee
gate	18	28	16	pos28/gate-18.f32	323a48c19bc27f42821e4587a37ba1ac425bcd8d7a7e85c2641e976f8ec55fe2
beta_sigmoid	18	28	16	pos28/beta_sigmoid-18.f32	82a1a77366f695afa2c437b585f24b690e4574663c4c178a136ada51ef04f64f
z	18	28	2048	pos28/z-18.f32	4a121c18a53ef95f8f3cecb30f509b6f56a948dec547f768bb65381eaec4c6d5
state_predelta	18	28	262144	pos28/state_predelta-18.f32	4d4837a787606bf6ab7ae2177268d9c56469c69185a1f0ae73814878455b2c08
attn_output	18	28	2048	pos28/attn_output-18.f32	096dd265fa9e3c6387e60f09a3f6f8d5b2fa16f25bc1a84e1e261b29d0517861
new_state	18	28	262144	pos28/new_state-18.f32	984cd2c935af6b84f311b62586e47d554df0ba41f6b86ea3a8cbfb37c8da5ab3
final_output	18	28	2048	pos28/final_output-18.f32	2b802316bfe335319ebbcefd7ebc4926b3d09cdd6473411ecf9ce3721f305f5d
linear_attn_out	18	28	1024	pos28/linear_attn_out-18.f32	b46a06d7f8e5d92047a8566de1c3d0039b3118bc01f1a1176562cd21bc82e9ca
attn_residual	18	28	1024	pos28/attn_residual-18.f32	d52e03ac235451785583b8b4afd89fa006f97a6bb59671a2c8c27963794fc677
attn_post_norm	18	28	1024	pos28/attn_post_norm-18.f32	0ae011f46e1449773bcb99211edcec53ad85487e4546b2928d1d51272eaa5e33
ffn_out	18	28	1024	pos28/ffn_out-18.f32	5f26593653daab828964ddfa4599d611fd4f0d6013b2a11474a3d8e9f543664f
l_out	18	28	1024	pos28/l_out-18.f32	cafc818d7d8d5cac795daa5a2c1388a57af9e1a72590c2fe645763b16b4f1cc2
attn_norm	19	28	1024	pos28/attn_norm-19.f32	3b00f84380c57bf9b7f63b415970c52a338a21f78e36279f5cf6a3392f92ac1c
attn_pregate	19	28	2048	pos28/attn_pregate-19.f32	cb47d5b8dfc445edd8c10f3e909e0c08fc3c15e0dcf0202da388617f803c8810
attn_gated	19	28	2048	pos28/attn_gated-19.f32	da199f6dcc9d247ab51ca645d251e53ac78ab9977e6181af977fe2f2eb982755
attn_output	19	28	1024	pos28/attn_output-19.f32	4900d5764c4441bbbfce4a8ebe51df6667e18ed7cf9fbbde7bce9401b07a3b52
attn_residual	19	28	1024	pos28/attn_residual-19.f32	e3bb7f921a287a9163c74bbaacaf5a67db43abef0cd5df575e835101bfcabcfc
attn_post_norm	19	28	1024	pos28/attn_post_norm-19.f32	20cd24820715400fd434d1e37575b8b58d3bbdf8212649b56987fd4f90ec0005
ffn_out	19	28	1024	pos28/ffn_out-19.f32	a14b126ba25ece85b80da5797ae688f83262829dadcfbcb973ba1f24e6842ec8
l_out	19	28	1024	pos28/l_out-19.f32	9d4315b83948335eed264cd8a0f49b140fe4c00ff9970c48d453229cbb698b8a
attn_norm	20	28	1024	pos28/attn_norm-20.f32	c1bf0138367570b6a1f1bd924c7abd94e5d3083c35d0f34b58c1f81abe723b43
conv_output_silu	20	28	6144	pos28/conv_output_silu-20.f32	2650ee3d4aa5c030ef9f99748ab545fc4d51cb14cbae9ad328b968481223b0ad
q_conv_predelta	20	28	2048	pos28/q_conv_predelta-20.f32	b5b43e06591e9c279c6e3f9b02cf8e997c07c0068c0437feee530616181d1c77
k_conv_predelta	20	28	2048	pos28/k_conv_predelta-20.f32	2eda520d8419e7c83e52d2cc274b620be6fb7fc34b1a8b27644dfbcb2118bdf7
v_conv_predelta	20	28	2048	pos28/v_conv_predelta-20.f32	f52f5f5e305abacf6c1428f8771451222e601702a8c5c80ecb801199b53e7ad4
a_softplus	20	28	16	pos28/a_softplus-20.f32	59430c5d64761f10b7026ffefb85aba5738613f87e42496fed725e2151016faa
gate	20	28	16	pos28/gate-20.f32	974435af033040125a169c4ec2368b91d802c5f168622d37e8bf1c55db800f5b
beta_sigmoid	20	28	16	pos28/beta_sigmoid-20.f32	41436e565bd555f440d91657f1726abaf774a97c32d886776aa67ae0b51ee869
z	20	28	2048	pos28/z-20.f32	32502d6024aaee30be550085c35a2d81cb3418e01f9d9f3931ce6459b381bfaf
state_predelta	20	28	262144	pos28/state_predelta-20.f32	6aaa7af508f3680ef030b13a7eb4e223fa9e9fe537d1fa7ce8b72c916585257e
attn_output	20	28	2048	pos28/attn_output-20.f32	7321788067425822c2be69dd9d9c0cb7c248e969fb41376066dec57a560beebb
new_state	20	28	262144	pos28/new_state-20.f32	2c421c1d2ae17fc11ab370eca5063be23463d2c98c0ca4f722e6b59647a55dbc
final_output	20	28	2048	pos28/final_output-20.f32	5771491aa44ab7ad6058080f5680b142853af13a89469d0858fad68c211f2ca1
linear_attn_out	20	28	1024	pos28/linear_attn_out-20.f32	4b0e0b0b571ad8649e72f82c68152fe1cd7269dd6ddeebbde55744078466be14
attn_residual	20	28	1024	pos28/attn_residual-20.f32	ae398e1f326ff9be0a5b4208fdadc85e726d4cd1d192666c420843c64710cef5
attn_post_norm	20	28	1024	pos28/attn_post_norm-20.f32	c966dc8907a1eb8bbd15982c8dab9fa34f8c8a28884fd62d9aa72974a939bc6e
ffn_out	20	28	1024	pos28/ffn_out-20.f32	1a8173b1b7d3106b8890d9097abf3773d96bb821929459bbac026334bb5ba03b
l_out	20	28	1024	pos28/l_out-20.f32	18ed9bb379277348da20938bd953e6b835a77e5fb2dea870f0597a97f5dede36
attn_norm	21	28	1024	pos28/attn_norm-21.f32	ffe8a96910ba6ae3e55f7d11ba3db63d4fab8d3af30f4dd717e2fe4a2aaaf85a
conv_output_silu	21	28	6144	pos28/conv_output_silu-21.f32	fc0eb234b6283ddc2cd49e95aab765e3fb261a4ed0f999faa409dba539a36cf7
q_conv_predelta	21	28	2048	pos28/q_conv_predelta-21.f32	0e3f578390448d44e2cedbf0f0fabbbbb3bfc8c23f5ee063f613d6720ad43ba5
k_conv_predelta	21	28	2048	pos28/k_conv_predelta-21.f32	bc6591ac16462397d16cddc206721f1eedd349f04a68b529f99c2eef65a481d9
v_conv_predelta	21	28	2048	pos28/v_conv_predelta-21.f32	4ee1ee25ba458dca58acd57fcbfdc1a57f35eb5fe8054d69f7bc08a54a6d8899
a_softplus	21	28	16	pos28/a_softplus-21.f32	a15fdf96042938273183137e46855ff2dcb98fb3c90ef610b82c4e53e8539494
gate	21	28	16	pos28/gate-21.f32	d19d38bfba608e14aafb2ed4aa50617279cf3eacbe8bbd981341d2bd6a352dc2
beta_sigmoid	21	28	16	pos28/beta_sigmoid-21.f32	8ec9cbda629b64b3e3574fef2d1fc773cd179ac1924021340eb1b8755d316dda
z	21	28	2048	pos28/z-21.f32	b0a195d1401a9e32d701f94cf141ae8939f8985d581f0b68c6474274ce9ef9d9
state_predelta	21	28	262144	pos28/state_predelta-21.f32	2e6d9ac84be5067bff8377d1f31d37b149ec574fa6f3487a8e4b37bbd8222c95
attn_output	21	28	2048	pos28/attn_output-21.f32	60691a612c67cc2fc3cb6ca306ecab0048380d1c4b65260e41f79f33fb4806d9
new_state	21	28	262144	pos28/new_state-21.f32	becf7586d92870c362e0cdc3420de2590a7c576b0b7ad88da08abb3305cbcb04
final_output	21	28	2048	pos28/final_output-21.f32	fb36b014a2957f47979b08723019e0e2342776d60ce04d49c58057e77b6479f1
linear_attn_out	21	28	1024	pos28/linear_attn_out-21.f32	96f2348052c84558c6022f7e73e7dc19f7cf33cc587db9d4d292bd3cb1cadd08
attn_residual	21	28	1024	pos28/attn_residual-21.f32	2052d40f7b51ea46086d8e78a598dc2fac372a837660721018adb7450afa4699
attn_post_norm	21	28	1024	pos28/attn_post_norm-21.f32	6f11501e31b7d668e9f464277f3d481fc2891c2ce6b6b7cc34927ce8fc821223
ffn_out	21	28	1024	pos28/ffn_out-21.f32	37c62e2d6d062ee761f7f4593c1fdaa8f408fdb5c66c6f8b49ac44dfdac46621
l_out	21	28	1024	pos28/l_out-21.f32	bb40526c2e60f0af8ae526d7e2eebf8e0810f421fedc4db7626b566c475f82cb
attn_norm	22	28	1024	pos28/attn_norm-22.f32	da0b2954f497efa9bf8c9e2d8503596d06ce19811e8978dc350208a411e0edd7
conv_output_silu	22	28	6144	pos28/conv_output_silu-22.f32	1a1cf04abf3352336113f2726e9ca00d36fabea6a9a6ddb12e8c1fb3d68d51c6
q_conv_predelta	22	28	2048	pos28/q_conv_predelta-22.f32	7d16d818a8ae325b5b4abae731501019c47237fb8aeb5fe16293a708c1849125
k_conv_predelta	22	28	2048	pos28/k_conv_predelta-22.f32	bbbbe2bd1ef5d99509981884e4317f51c8c3f27963c6aaafe2648b8c61123af0
v_conv_predelta	22	28	2048	pos28/v_conv_predelta-22.f32	a745f6230bf8b04c7cda5b1cdaf02b593e8d9301ea1bd8fd0fc70f1de196d6b1
a_softplus	22	28	16	pos28/a_softplus-22.f32	649254bb2a590bdf33241ab866567c732e004b3323a120e32a9a68ebf20000c0
gate	22	28	16	pos28/gate-22.f32	73b24731adfea9fc957fc50f8051c0d5332d88d2753ab1a5101b7ee08dedb1a3
beta_sigmoid	22	28	16	pos28/beta_sigmoid-22.f32	cfcc536a0496094b70af0c738ccb14932ec4bff40586f70c17752674fa6be991
z	22	28	2048	pos28/z-22.f32	d745d8721de8d8344c60cd8b489caacc43119fef6327a4125af765cd2fdca0c6
state_predelta	22	28	262144	pos28/state_predelta-22.f32	eae4206882f5d46e03790dcca37f8880a1203985c7d30fbafa376661411929df
attn_output	22	28	2048	pos28/attn_output-22.f32	c601e076b3ccde42e759efd0f9de9fee71fbed0932e0dd789ab74cf71b878d7b
new_state	22	28	262144	pos28/new_state-22.f32	dc85d19d7e8259a60f3bfcf08fa516a2806a24b5c5094e67461e1705cfda24f5
final_output	22	28	2048	pos28/final_output-22.f32	77af8561cd09ddae2c80bdfa8bd14900107f5b517a5d30766f31261a2bc96c37
linear_attn_out	22	28	1024	pos28/linear_attn_out-22.f32	f7b3cc294b0128fcbb03bb94efb7e98365ccf48ecb87d94fc0c07cb49002217b
attn_residual	22	28	1024	pos28/attn_residual-22.f32	1ecbef3d91a1405e45b5f42348a34bcc929c24083d01d842902a2e1de8288c7c
attn_post_norm	22	28	1024	pos28/attn_post_norm-22.f32	1cfb94969245e71dff33420e3a58d24362be0d67292046e5244cfb69155e656f
ffn_out	22	28	1024	pos28/ffn_out-22.f32	d2142626c8dbc6c2879d4c220c34969e5831680e2f9254316215f5400a848c18
l_out	22	28	1024	pos28/l_out-22.f32	320a9e7bc8cc36d7b7d6f955cc4ae49952640ae6f5e025d450f48cd48b4b4f81
attn_norm	23	28	1024	pos28/attn_norm-23.f32	bf9a378c15fee34a3ebde7ed148d4be54ca0a93056e2721c3d322abaef4deb82
attn_pregate	23	28	2048	pos28/attn_pregate-23.f32	0de37c6f9a279d707b69fdeab8f870032df55a04ad1683abdafd1982071422b7
attn_gated	23	28	2048	pos28/attn_gated-23.f32	95a160f29eb50011d26e008d813ae725826b9021c2da0f7a90744a127d20cc84
attn_output	23	28	1024	pos28/attn_output-23.f32	127f3932a1fbc1878a7d776295be0786e069b1c5abf8340eefe6092d286f5a18
attn_residual	23	28	1024	pos28/attn_residual-23.f32	b5d475bcb449d443f8879d89bca56e488d19e6857581b0c10230c22b1fb90796
attn_post_norm	23	28	1024	pos28/attn_post_norm-23.f32	d5eba5cd1d6f24421e1c9a408d70ad0dcc3fe0d6d77a66930f66fb37cca2344e
ffn_out	23	28	1024	pos28/ffn_out-23.f32	dad041ee018433635e4668740888bc6e8aaa35018770cefd47e0c3b2ff40111e
l_out	23	28	1024	pos28/l_out-23.f32	b1bb021f93c2aa8c083d27f0606e3034395b72f838da158b8e3e441631940079
result_norm	-1	28	1024	pos28/result_norm.f32	ea51a20fc9740279190cedcd81ddee6508dcaab15833b81f160c7096c8760298
result_output	-1	28	248320	pos28/result_output.f32	ca64c7e144d40f203334e7f74ada4238fd13652c6a49df7cb38d7c7725c578ef
