name	layer	pos	shape	n_bytes	file	sha256
model.input_embed	-1	4	1024x1x1x1	4096	pos4/model.input_embed.f32	91c6f7d1de8e6d3f264160fa5da502086bf667fc541cc1133a6382f5895bd1ca
attn_norm-0	0	4	1024x1x1x1	4096	pos4/attn_norm-0.f32	4264c424d689a47e39c7076331efc8ab68995d379c9c0eb3342c1ee294111cb3
conv_output_silu-0	0	4	6144x1x1x1	24576	pos4/conv_output_silu-0.f32	6d0bdb8456a15259c6b42feaeae169490923ef5f1e8c8a36dcdcaa09d599d4c1
q_conv_predelta-0	0	4	128x16x1x1	8192	pos4/q_conv_predelta-0.f32	1422483001a031fb905b527fa95446d89610499771570d02562f6cb3438fbef0
k_conv_predelta-0	0	4	128x16x1x1	8192	pos4/k_conv_predelta-0.f32	7ff4d3bc092b183284377dd861b6af4c59c4e782bd26a330e1c8fc5cf749353b
v_conv_predelta-0	0	4	128x16x1x1	8192	pos4/v_conv_predelta-0.f32	c2b9dbe922f3724082758cb76e2ae62eba49c5d130a1947d20c5e64daaddd6ac
a_softplus-0	0	4	16x1x1x1	64	pos4/a_softplus-0.f32	a1220648000ec9350dbf88580edca4ec59ed6eddc8e18f9f6357ebd60bde23be
gate-0	0	4	16x1x1x1	64	pos4/gate-0.f32	ef5360901e41202848246b190f047e533b84861bfd13199d4cd10da6184fb6e9
beta_sigmoid-0	0	4	1x16x1x1	64	pos4/beta_sigmoid-0.f32	ef752fe3d0fd6b9ced48bce23ce5409d85c67b76db2a538b157deb57fd5b4eab
state_predelta-0	0	4	128x128x16x1	1048576	pos4/state_predelta-0.f32	fd89c7ff7b4723ee007ae781586d59a802f547f5547e1def66ce3741caa8de5f
new_state-0	0	4	128x128x16x1	1048576	pos4/new_state-0.f32	57009b74b4840bfa83e85107ba0f929511ddee18ffcb17641e3052e714a5ce75
attn_output-0	0	4	128x16x1x1	8192	pos4/attn_output-0.f32	4d98f94b8ce45b17221b1858020b25bd04a654110dec4f953f1d0fbeba703206
z-0	0	4	2048x1x1x1	8192	pos4/z-0.f32	6e2f07e8bf5dea091ed302cb53e70e3cdf89edece498098e83d67ff3fbf0d60b
final_output-0	0	4	2048x1x1x1	8192	pos4/final_output-0.f32	5a11fc4a5b991e5748158087eaa61410c39c803c51fb7524c360ebcf7f1db6e5
linear_attn_out-0	0	4	1024x1x1x1	4096	pos4/linear_attn_out-0.f32	07747627c8844b6f0079e3213beb3d00f9e0988edf3f27469cfc0d4fa54a8188
attn_residual-0	0	4	1024x1x1x1	4096	pos4/attn_residual-0.f32	27bc72f16eed32f35a9f1f021a85c8d356d91810feeb3ae17e0d3f2a733aa222
attn_post_norm-0	0	4	1024x1x1x1	4096	pos4/attn_post_norm-0.f32	298ff21ad4c123db524004fdb4e5a1ae1462131026a629a7c870508bc2726499
ffn_out-0	0	4	1024x1x1x1	4096	pos4/ffn_out-0.f32	1320fa6f7085eaafa1bf3c62c83a9c1a9d58ee18be39ac37f7b0f00cdd60ce9a
l_out-0	0	4	1024x1x1x1	4096	pos4/l_out-0.f32	75e4932e75c4933a22c4fdcf72c1c9ed7338634d4a92f969565b95511595bd5e
attn_norm-1	1	4	1024x1x1x1	4096	pos4/attn_norm-1.f32	7b2228f86cdbe9a299fd870a1c37ed6db72663e233009802a5438a7eaed218a9
conv_output_silu-1	1	4	6144x1x1x1	24576	pos4/conv_output_silu-1.f32	cade729cf567bd96548c134b6e124fbe8dd40c348c9854d94c3c98d1f50ffb54
q_conv_predelta-1	1	4	128x16x1x1	8192	pos4/q_conv_predelta-1.f32	ee3ca4d888359bdc36caf0175c8995cf93d4ccab965d11ec812c7dcae0388d43
k_conv_predelta-1	1	4	128x16x1x1	8192	pos4/k_conv_predelta-1.f32	50b0c96cc9fae57615b4cf3ccb16716b6c4ca1c0539b9d89eae527d3051624aa
v_conv_predelta-1	1	4	128x16x1x1	8192	pos4/v_conv_predelta-1.f32	45c4211610a1cc9c122fc07222596e7d1ca8b86c43e787359497ae20584aee6b
a_softplus-1	1	4	16x1x1x1	64	pos4/a_softplus-1.f32	208534accf0d556fdd61a82c55ff5881f0649e356d32bf85283a98daee391459
gate-1	1	4	16x1x1x1	64	pos4/gate-1.f32	441e2468f11bc4098d1ad19243e9963fb34c0ea46dd17a93253ddb059a69d0e0
beta_sigmoid-1	1	4	1x16x1x1	64	pos4/beta_sigmoid-1.f32	5315fd202c6141a10ea4b6ff858b75cd897b6842cbb33d8ce11a076ac8a93fd9
state_predelta-1	1	4	128x128x16x1	1048576	pos4/state_predelta-1.f32	4230c02dbf582c5777d1050754911808a269a093d16924e0a169096cad4e30fc
new_state-1	1	4	128x128x16x1	1048576	pos4/new_state-1.f32	869cd12faff9e90e596333d2565f25b8996c4abc40a757a62decf6e616c3a4c2
attn_output-1	1	4	128x16x1x1	8192	pos4/attn_output-1.f32	5ebbd53401aff7b6211ca89bd8e23fbae80924934ecaa64bd0fcbfe2a530fdd8
z-1	1	4	2048x1x1x1	8192	pos4/z-1.f32	c636846ba954df98ff61ca5475dd54e60dc028c96da2a52e982a9caad064c7b3
final_output-1	1	4	2048x1x1x1	8192	pos4/final_output-1.f32	57e9dc486f0c776dacfeb58d5a2f8f32fb0db07d75bf9a3ab4f7d1a37af7ad07
linear_attn_out-1	1	4	1024x1x1x1	4096	pos4/linear_attn_out-1.f32	c1683a00826886a1e927b84c9a03230662126376344845f43dc0e3c6e7f3f7ce
attn_residual-1	1	4	1024x1x1x1	4096	pos4/attn_residual-1.f32	4b57dd2c905ad07dbec7c451a662f9d176b49b832085d0bbf45d7be695c497ea
attn_post_norm-1	1	4	1024x1x1x1	4096	pos4/attn_post_norm-1.f32	c3add595fd995d55d86738262b1b456e118182c5d55d9995e55a41f8b755f4ca
ffn_out-1	1	4	1024x1x1x1	4096	pos4/ffn_out-1.f32	7086bb48a41498fb57008d58eb592edfb3c595cd22125d61138ea13746e3bef7
l_out-1	1	4	1024x1x1x1	4096	pos4/l_out-1.f32	930904993d4712c9400d25bf4cc16fbe5c22e3c6673ded3ed6daf0ae0e36d865
attn_norm-2	2	4	1024x1x1x1	4096	pos4/attn_norm-2.f32	c9ece63b64348a2bab1bc01aaf20b6359888a5e8efa2648d5f73a8d236c4d419
conv_output_silu-2	2	4	6144x1x1x1	24576	pos4/conv_output_silu-2.f32	430a6bd2676f47a4090d65879204a6277f608cd5e78f8349b3233f8280292c18
q_conv_predelta-2	2	4	128x16x1x1	8192	pos4/q_conv_predelta-2.f32	134af34a917c9a6cdd58d899a9a5536c2798f990dbe7c7c56282271f7996e479
k_conv_predelta-2	2	4	128x16x1x1	8192	pos4/k_conv_predelta-2.f32	590bb2102450d4168336f42128736ab0f450971124c68ac9161ac98475f56c0e
v_conv_predelta-2	2	4	128x16x1x1	8192	pos4/v_conv_predelta-2.f32	ce9b1ef09f1f792419ce3f9095bcb6917c5cc27294e390223e8286ad6a3f445b
a_softplus-2	2	4	16x1x1x1	64	pos4/a_softplus-2.f32	e48ad09b09c456fe0fe4e6c67131bade8ac57534f5f46d26a039b60313a8d534
gate-2	2	4	16x1x1x1	64	pos4/gate-2.f32	e423c391b808bb2ece34d5e54eabe353ae9e5598575f2854ff58cafa9b893e0d
beta_sigmoid-2	2	4	1x16x1x1	64	pos4/beta_sigmoid-2.f32	239ea6519a023178de9173e439676d7fb5be46cbeca35df91b99bbdc66f54809
state_predelta-2	2	4	128x128x16x1	1048576	pos4/state_predelta-2.f32	fe3cafdcac68c01ba5f7bbd5a402863f8e2aa197a6c89c70e02f226347c32f3f
new_state-2	2	4	128x128x16x1	1048576	pos4/new_state-2.f32	2ecaf9d767a51137c7e88ff36964fa5caa363f1c233e5232ba489c0187b8314b
attn_output-2	2	4	128x16x1x1	8192	pos4/attn_output-2.f32	c052c09b9ea3beaecba86402cef143feadac18553c1dd7997848507b7e6bdb70
z-2	2	4	2048x1x1x1	8192	pos4/z-2.f32	b39fb1f3b10596d5bde8bc6918248fbc99bbbf309daf1d74bcfca756b3b7e0ab
final_output-2	2	4	2048x1x1x1	8192	pos4/final_output-2.f32	3ce62524f2be281fda3deffa08a643c29690e4004e42d3dddc04eaf7da791c1b
linear_attn_out-2	2	4	1024x1x1x1	4096	pos4/linear_attn_out-2.f32	c9532168167993369de1409839be7625969ba4ae8627c40e75e852a85b2f4f22
attn_residual-2	2	4	1024x1x1x1	4096	pos4/attn_residual-2.f32	aa8f45956a522a339e18c396de74c349e83a9ac71e939720d5b00d5df292a8ae
attn_post_norm-2	2	4	1024x1x1x1	4096	pos4/attn_post_norm-2.f32	11a326c35367c18f17be860cbe113ca5379caf271dd7e52cd7139864273bf874
ffn_out-2	2	4	1024x1x1x1	4096	pos4/ffn_out-2.f32	9053048bb2d84d7dafeed0ae0a4843c3fd5ae23944bbe3b9fe264186bcc69d64
l_out-2	2	4	1024x1x1x1	4096	pos4/l_out-2.f32	cdd2379b7c517d25e5c6a0e4f5037890231263c07acd1738cb39da46de6c19c6
attn_norm-3	3	4	1024x1x1x1	4096	pos4/attn_norm-3.f32	3d65df030f14ddf8b2b6d4eeaade698b4861afe466ac3bdfc0342126f5442a6a
attn_pregate-3	3	4	2048x1x1x1	8192	pos4/attn_pregate-3.f32	edd9012e0247117dcb87d52e83cd5aa3d3c5ffec37f7c9401baac0350e5685eb
attn_gated-3	3	4	2048x1x1x1	8192	pos4/attn_gated-3.f32	7ce8463b29bcf8aa48a43f5579731dbafb961226a4a85325decebb3f01634964
attn_output-3	3	4	1024x1x1x1	4096	pos4/attn_output-3.f32	a4f082dd380d51b5c6d920e3b5520926df76de9c040945a521ebd8bc7c3a6ccb
attn_residual-3	3	4	1024x1x1x1	4096	pos4/attn_residual-3.f32	6959e746c1bc69bb8398814644b721c1f96b68f4fa79ad922cdd779866d47d2f
attn_post_norm-3	3	4	1024x1x1x1	4096	pos4/attn_post_norm-3.f32	f8d4da15bd83a0c599c35c9f9af070f71bf8211a356a131969e5f3c00f046497
ffn_out-3	3	4	1024x1x1x1	4096	pos4/ffn_out-3.f32	c88cc835ef3df89a05955e4c5e6dd263ac11fc61a0a157ae62e939997ce1c47e
l_out-3	3	4	1024x1x1x1	4096	pos4/l_out-3.f32	60057226181f83b1dcda04c44815846af3e1eeaf7c99d8cc98f4c95855486ef0
attn_norm-4	4	4	1024x1x1x1	4096	pos4/attn_norm-4.f32	adcbfd06444950819602c6a81a4fb4b0141bc8b10ff15dff226b641773cdec9c
conv_output_silu-4	4	4	6144x1x1x1	24576	pos4/conv_output_silu-4.f32	48174026dad0f3ad19be4b802f7c3b1647ef4e7e239999b01f2c39c428e6db05
q_conv_predelta-4	4	4	128x16x1x1	8192	pos4/q_conv_predelta-4.f32	b4bb6f8968603a7acc79e2a0cb41cd4bd26aaf442ea729f205f4fd1d19eff593
k_conv_predelta-4	4	4	128x16x1x1	8192	pos4/k_conv_predelta-4.f32	0e6a5d2208ff1469c6aaad9a4c043a68c70f6f0421c9dcf37230fa2abc9ceade
v_conv_predelta-4	4	4	128x16x1x1	8192	pos4/v_conv_predelta-4.f32	aea046cc8e222a619cc75dae0133298fa1f7985e8a04636b6ebb1b812e8962aa
a_softplus-4	4	4	16x1x1x1	64	pos4/a_softplus-4.f32	944bb59871169549f6d64a9f5f5fd7132b482ea43a8dc9e0b1a2f4a694e646bf
gate-4	4	4	16x1x1x1	64	pos4/gate-4.f32	003cadd7d3431b3a899e75a679f1bbaf61f00e375495919a01b6c0eae26d78ec
beta_sigmoid-4	4	4	1x16x1x1	64	pos4/beta_sigmoid-4.f32	ac9e067c72db52cfb66457818bd29386975831106e3eec082c556677cd3167a8
state_predelta-4	4	4	128x128x16x1	1048576	pos4/state_predelta-4.f32	f6ecd1c1477196560f59d75f048664c5379730e7e458845a22e1531eb8dbcc27
new_state-4	4	4	128x128x16x1	1048576	pos4/new_state-4.f32	f0dba47e19108952b8074369a12a106c36caf121f62c3d91545a7c613cb4b72f
attn_output-4	4	4	128x16x1x1	8192	pos4/attn_output-4.f32	c91a737450959deb5c3bba0349a6799095c49972ea90a5efa394c510492a5fb3
z-4	4	4	2048x1x1x1	8192	pos4/z-4.f32	28f95580c27507859179133eccf76689ee5642c204519fd0354f60d2fc68f6d8
final_output-4	4	4	2048x1x1x1	8192	pos4/final_output-4.f32	d8e1cd806599e445e55a171feb75b4f33fad96c368db9f1164b8343755f12536
linear_attn_out-4	4	4	1024x1x1x1	4096	pos4/linear_attn_out-4.f32	8291f1c2f70f134783ccb519e71d0816f64860bcf0aee1810a01e53fe6b42042
attn_residual-4	4	4	1024x1x1x1	4096	pos4/attn_residual-4.f32	abec29501625afed4bffafa495a3d470177549e490de2398cd40c677cdf16ea8
attn_post_norm-4	4	4	1024x1x1x1	4096	pos4/attn_post_norm-4.f32	5db487e361b3d8d179741dc08a5553f8476ed81cc3a3bcc8877e923bcf131084
ffn_out-4	4	4	1024x1x1x1	4096	pos4/ffn_out-4.f32	82f2c4ace9935a85800dbc85954bfde06f7599c5caa45912570c8397fc2c4eb2
l_out-4	4	4	1024x1x1x1	4096	pos4/l_out-4.f32	f57a158c63c517b310a76a4b14f8042f2ad951f3d69b171969c8f4311b333bc1
attn_norm-5	5	4	1024x1x1x1	4096	pos4/attn_norm-5.f32	2534369042301389d0fbc0724389cda8f736ffe4f200c70a4a30cecfd18abf1b
conv_output_silu-5	5	4	6144x1x1x1	24576	pos4/conv_output_silu-5.f32	bafef3afd9fc2c8b7e91f8ba82c9446cec7eb59a7bf8785f2a7a286382ddc3b7
q_conv_predelta-5	5	4	128x16x1x1	8192	pos4/q_conv_predelta-5.f32	8b2ce64376307a6db97504dcfa6e99864715ce653c3431b184a0c01ea14e1e31
k_conv_predelta-5	5	4	128x16x1x1	8192	pos4/k_conv_predelta-5.f32	05fccb9a0488f7d428d175c798207e92806b32e673315e1cdc78b4ccbd1b061a
v_conv_predelta-5	5	4	128x16x1x1	8192	pos4/v_conv_predelta-5.f32	73db57c6bf46cdd7f51671321a1eb711af8e27a0f06fbd409186fcb9f5ebf469
a_softplus-5	5	4	16x1x1x1	64	pos4/a_softplus-5.f32	4252d98e041cf6b5cda85a3737a4c97f4f8fd94f7d08ac5077ceb26c67800cb3
gate-5	5	4	16x1x1x1	64	pos4/gate-5.f32	2b0117990ff7439bef08f9bba2861659aa40f2399d09494a173868f992eff665
beta_sigmoid-5	5	4	1x16x1x1	64	pos4/beta_sigmoid-5.f32	2e54dcc4a2828e8f0bceee24caa3f557ab0cd5750788e570498b53aae53d2aa0
state_predelta-5	5	4	128x128x16x1	1048576	pos4/state_predelta-5.f32	aae9c35c85af053637d6c1b65593192b7a573def6920178d5b9074135d46680e
new_state-5	5	4	128x128x16x1	1048576	pos4/new_state-5.f32	96a563428d9f2f0287f86917817598d46fec04a20fbfbb4368918037414a0529
attn_output-5	5	4	128x16x1x1	8192	pos4/attn_output-5.f32	b87a6c5eee65f587af0e5b46c3823d79b5c49f4be9bc2ee430e5c291684f88ff
z-5	5	4	2048x1x1x1	8192	pos4/z-5.f32	f1359570426eedac6c7f9a1a21f9a6defba95df18f4376c43625113fa382e276
final_output-5	5	4	2048x1x1x1	8192	pos4/final_output-5.f32	901c16af9355ea0fddab9f061ebe885fe69098b9c3ad79925b491158f802f69e
linear_attn_out-5	5	4	1024x1x1x1	4096	pos4/linear_attn_out-5.f32	05ffad838fed47556f8ef9404c545566afc188a7a77193bbf69d933e328360bc
attn_residual-5	5	4	1024x1x1x1	4096	pos4/attn_residual-5.f32	873cf227e5038a9e559e992c98c87709c56ab4ef11521b928ff8bbfe1dc32ed2
attn_post_norm-5	5	4	1024x1x1x1	4096	pos4/attn_post_norm-5.f32	2d054f8dbec91d064d66646b6b0bfc97d16dc6156aed21e9f658bc34b9f3a288
ffn_out-5	5	4	1024x1x1x1	4096	pos4/ffn_out-5.f32	e2f40082372464bc5078ee6a8924968ef620c975479c6631a9b2622fef974cca
l_out-5	5	4	1024x1x1x1	4096	pos4/l_out-5.f32	372976a587e6cdd4bb23a3880c30d08256dd935d9ca4d19fe0aba0812a12ca14
attn_norm-6	6	4	1024x1x1x1	4096	pos4/attn_norm-6.f32	695effd07c0627c7658bf788bddcbdf5cb19325a95503f69db7c35bb7274be7c
conv_output_silu-6	6	4	6144x1x1x1	24576	pos4/conv_output_silu-6.f32	8232adf62df75e13308b9d9196d43cd7a174e65ce59652acf41aa8c1cc125778
q_conv_predelta-6	6	4	128x16x1x1	8192	pos4/q_conv_predelta-6.f32	f5c4dd99489a474ddc7ad048411962d21b7af1699e546b9d646b85fde7449570
k_conv_predelta-6	6	4	128x16x1x1	8192	pos4/k_conv_predelta-6.f32	638cd12e193130c5570f81944dc4a9b08e6049470bef869628ed1b2b0f6e8aef
v_conv_predelta-6	6	4	128x16x1x1	8192	pos4/v_conv_predelta-6.f32	066be5e4a5e0722897af67db84505749a9f314065cc3f280b73e57e47efbbd91
a_softplus-6	6	4	16x1x1x1	64	pos4/a_softplus-6.f32	a203ee34c7370ab6c407df9f46fa0d2fa5f8e543087f0f102fa73d36ac0220af
gate-6	6	4	16x1x1x1	64	pos4/gate-6.f32	cd4545665b41505ed1e0b44f51e98229be28a78a76a16ba1b36f3d9c3e63d778
beta_sigmoid-6	6	4	1x16x1x1	64	pos4/beta_sigmoid-6.f32	733474dbaacd3258a5aa4eaf64607e054a280142cb99c7b580e6501385fc4265
state_predelta-6	6	4	128x128x16x1	1048576	pos4/state_predelta-6.f32	883e22a4adbb2810d73c889236f048441ee6bdde641e40db78a782a41d898a2b
new_state-6	6	4	128x128x16x1	1048576	pos4/new_state-6.f32	0dc42b609a5005779e439930b12c2df7ad527960f672edba67d59762c49ae230
attn_output-6	6	4	128x16x1x1	8192	pos4/attn_output-6.f32	0445e02acbc116f8332231bb603a02a5c6ef26384d977dedbff8ea4c0e275528
z-6	6	4	2048x1x1x1	8192	pos4/z-6.f32	569eec1f54a50709b6ff3288660de3cf4f320703213b93a4581b472778bc1b70
final_output-6	6	4	2048x1x1x1	8192	pos4/final_output-6.f32	8591237c2125aea810eb236a5fe829c4eda47dc6d4d7c6f368d0db116a1a5cd5
linear_attn_out-6	6	4	1024x1x1x1	4096	pos4/linear_attn_out-6.f32	1b9b7de07cbbee4468aea9326f449a230bbefd9af647e1bb59aae87a746e5043
attn_residual-6	6	4	1024x1x1x1	4096	pos4/attn_residual-6.f32	d55f4f69ed8e51bd114ea16f063f605aad99eafaa7c56360584926ff1c15002d
attn_post_norm-6	6	4	1024x1x1x1	4096	pos4/attn_post_norm-6.f32	0a2269c8a3cc23184da8448c9c9b87895e09d1bbd93c6481841ab2ca4bfbe973
ffn_out-6	6	4	1024x1x1x1	4096	pos4/ffn_out-6.f32	9737ad6b5191d3967e17951cf6e774e08738db3183d8d957a0e6149061980173
l_out-6	6	4	1024x1x1x1	4096	pos4/l_out-6.f32	1f938c9f78b7d36f0b48d48b0db074b452fdf2f708fe61679b55242d300bd1f7
attn_norm-7	7	4	1024x1x1x1	4096	pos4/attn_norm-7.f32	99eeb2f01bc9db29f7eaa171be47546e84caaf6eeb294cebdfcdb13299b20b40
attn_pregate-7	7	4	2048x1x1x1	8192	pos4/attn_pregate-7.f32	795ce9e764b556324546f213279b202da6517a2bcd9ad15fa6d7624455e9ff8b
attn_gated-7	7	4	2048x1x1x1	8192	pos4/attn_gated-7.f32	11d9515c23359b0cad497cc662f75fe4455a4df540ad708eaf641255fdcd5d7b
attn_output-7	7	4	1024x1x1x1	4096	pos4/attn_output-7.f32	ee2bbb28492175076b448a674d973f2f4c1cc91cf47070522b24999428b24ea0
attn_residual-7	7	4	1024x1x1x1	4096	pos4/attn_residual-7.f32	477a4171d8f804a7299f394d365a894082fe0d6deaa7bcd705c3c2eab5483de9
attn_post_norm-7	7	4	1024x1x1x1	4096	pos4/attn_post_norm-7.f32	1da497fb664ca5b190c182ed3a67a53415eb28db05b6726fcdffd05bddfd6ba4
ffn_out-7	7	4	1024x1x1x1	4096	pos4/ffn_out-7.f32	752da8b085e39523c7a15f11a1c63fe860fd59429a774597cbe938db3463907f
l_out-7	7	4	1024x1x1x1	4096	pos4/l_out-7.f32	d6de768f6a537b202c33db500fafa24b6b2123a4807d8ed3140ba269937dcdb2
attn_norm-8	8	4	1024x1x1x1	4096	pos4/attn_norm-8.f32	e6b742911a0a58722ae208ddd4a926aebd851609adc6777c7fc0e0933210033f
conv_output_silu-8	8	4	6144x1x1x1	24576	pos4/conv_output_silu-8.f32	2238f2b95a48505ed508acd588c1af42931ca8eeac104b7628268b41c7ebfab2
q_conv_predelta-8	8	4	128x16x1x1	8192	pos4/q_conv_predelta-8.f32	dc273786da84087ce6537bc4ea4f1ad524b621656795f3aa0fff839a7ed4e327
k_conv_predelta-8	8	4	128x16x1x1	8192	pos4/k_conv_predelta-8.f32	4d5e1b30fb3d875815df11dbe5668c0b25ad21218be76415911e52ad4639886c
v_conv_predelta-8	8	4	128x16x1x1	8192	pos4/v_conv_predelta-8.f32	3eae0853e36528f5ecbe9a62adb3b5b66ad0d92c2a4f31464cfb2e47bb6600ec
a_softplus-8	8	4	16x1x1x1	64	pos4/a_softplus-8.f32	2d7b840f7a1ce48de98cfdb7c0436e1af689f426c02b76a48cff0729d6e5a9c0
gate-8	8	4	16x1x1x1	64	pos4/gate-8.f32	7f5563bc41edc5a5e7151fc9ea9ba8564a335ed60658b89e6207168ede5256b6
beta_sigmoid-8	8	4	1x16x1x1	64	pos4/beta_sigmoid-8.f32	6b0d27611880f14d62ea392fbb7e4849cbacf5d088cb84b0c2428532c3231f95
state_predelta-8	8	4	128x128x16x1	1048576	pos4/state_predelta-8.f32	1fbb5ecb93b069baaa667c06ffc2fe352afac35838da4757736e810bfc81f416
new_state-8	8	4	128x128x16x1	1048576	pos4/new_state-8.f32	95489ea08461f962497c17029bd7282fc95d7b7941f19a9097abb575a0fa0afa
attn_output-8	8	4	128x16x1x1	8192	pos4/attn_output-8.f32	29a29812d0e2a393c5f29a5e63d12bf3e15a7abbc39a265c856cf4f9a27d448e
z-8	8	4	2048x1x1x1	8192	pos4/z-8.f32	9aab9a7fd7a2facebbd922dd6062e11debb7ffab8b8ce0b80c29756a4fc1c044
final_output-8	8	4	2048x1x1x1	8192	pos4/final_output-8.f32	76798a5504b171112d4b53be75b0c72bc379ff4ac3e597302fcacfb88945a305
linear_attn_out-8	8	4	1024x1x1x1	4096	pos4/linear_attn_out-8.f32	4b92aeb09bcdca62799c82f946afd0f7a5d7dddbcf9a60bd4081b6274085c169
attn_residual-8	8	4	1024x1x1x1	4096	pos4/attn_residual-8.f32	b0da66889cf04ef63683793a42f338ad353e3407d494f16dc2ffd33bb19b0ef4
attn_post_norm-8	8	4	1024x1x1x1	4096	pos4/attn_post_norm-8.f32	4f626719e09f26aad3d67febc6b90d25e9f376d43482e586499f4d39d5f42507
ffn_out-8	8	4	1024x1x1x1	4096	pos4/ffn_out-8.f32	dc37b3033b710e44355766a81cff76c66cc707fa0f46e02b220ee860e6881ec7
l_out-8	8	4	1024x1x1x1	4096	pos4/l_out-8.f32	cc63147619dadc9f2b1a45c3dca6ee7f1978446c5aa5c9512f703ca17781315c
attn_norm-9	9	4	1024x1x1x1	4096	pos4/attn_norm-9.f32	11af473a4480cc4af5524b0165b4f261f4eeaf5617066373e6a3bba4b70435b6
conv_output_silu-9	9	4	6144x1x1x1	24576	pos4/conv_output_silu-9.f32	131b1c077db5ad5910315e91b22f66547c413a76e6340c3ed28bb8a32649c87f
q_conv_predelta-9	9	4	128x16x1x1	8192	pos4/q_conv_predelta-9.f32	ee453f9ec1e679f5dddd06d4c0b4eb1f0ce94f1bd27219160b60e1d927598e78
k_conv_predelta-9	9	4	128x16x1x1	8192	pos4/k_conv_predelta-9.f32	13ec791c4227e14a02340af2b615f3f6b3454cd34a9b6eb94d9527f15bd23474
v_conv_predelta-9	9	4	128x16x1x1	8192	pos4/v_conv_predelta-9.f32	1bb101d7f3567e8aa143ad455ba5b16dd006f9641cb64900a195a87fac1eaea8
a_softplus-9	9	4	16x1x1x1	64	pos4/a_softplus-9.f32	cff38d73d25f3ee2e18d7c9924ce3bce8b836a65c86c69de9d50839c39f8197f
gate-9	9	4	16x1x1x1	64	pos4/gate-9.f32	5b520fa66a1015364a9696fa5594a7ec5becc461cd022d86dce68e32c026d71a
beta_sigmoid-9	9	4	1x16x1x1	64	pos4/beta_sigmoid-9.f32	a61ecd389b1af404c3b4c23833f2948d0b1192cadcbb6e48e9202e750269cb58
state_predelta-9	9	4	128x128x16x1	1048576	pos4/state_predelta-9.f32	783f60b1f8d873271cfe33e57ae6f0593f8bc6ddda6528c010652d0c7004fd7b
new_state-9	9	4	128x128x16x1	1048576	pos4/new_state-9.f32	026af55d75dc0b59a1ab34c2e72ce3d3c1a6f3e9917abd57b713240e3953f335
attn_output-9	9	4	128x16x1x1	8192	pos4/attn_output-9.f32	5942ab8be255823d1e55176d44a5940c8b98316205c4d596b7c43af2bd993526
z-9	9	4	2048x1x1x1	8192	pos4/z-9.f32	ea493ffb6944194f6b73499cabd83160dd749d1cc4503fa2cd5a6cf649ecdd4a
final_output-9	9	4	2048x1x1x1	8192	pos4/final_output-9.f32	c2403cb0881d939a04c8160a41bb12fa69e5d85f3709b1101c984ac320f0e196
linear_attn_out-9	9	4	1024x1x1x1	4096	pos4/linear_attn_out-9.f32	efeaba05fd65b5ed0d508375da453d8b977a84175c540a0af9cceb7360e8ee27
attn_residual-9	9	4	1024x1x1x1	4096	pos4/attn_residual-9.f32	8746e0b4631d0a804a4fa7f2fd09fc981ac8e30355ee00b494410991a52f0947
attn_post_norm-9	9	4	1024x1x1x1	4096	pos4/attn_post_norm-9.f32	8e1e43a24a4f426fbeb0976c0be543177dbf577bc41bd5c7ca1d840d24fce232
ffn_out-9	9	4	1024x1x1x1	4096	pos4/ffn_out-9.f32	5bf06c5ba2486a6624a93c7c3d0136b7693d75899b5245aa9526f27f603126e6
l_out-9	9	4	1024x1x1x1	4096	pos4/l_out-9.f32	661a39bbdce2e958c6db4987a3d4e1929ae2035e06d3c177858f84bb940c988a
attn_norm-10	10	4	1024x1x1x1	4096	pos4/attn_norm-10.f32	caaa6b98160368e0bce7a3ab9d45c9f8cc4d70a15aaae7f5b6f16db27caf2a49
conv_output_silu-10	10	4	6144x1x1x1	24576	pos4/conv_output_silu-10.f32	d503d16dd717ce0d5eb8b8c09f04b7591f94f8189623d03c935cba1dc8e1f028
q_conv_predelta-10	10	4	128x16x1x1	8192	pos4/q_conv_predelta-10.f32	c2db1f371d17e1c9053fb788f1a1da7a8302258f7fc989a629916733a4ee8e0b
k_conv_predelta-10	10	4	128x16x1x1	8192	pos4/k_conv_predelta-10.f32	ac05ebe64e637602f20307e742392d1ad73ccd03da1dbc868f6074fdbfda507a
v_conv_predelta-10	10	4	128x16x1x1	8192	pos4/v_conv_predelta-10.f32	c7097ee87acbeec5724cacf52af4d7f08a247ed29a477e89463e91ca0e81aa85
a_softplus-10	10	4	16x1x1x1	64	pos4/a_softplus-10.f32	2a0883f316f7da827db087d3c220bbdfdecc9dd45f57f44d647f2f0f8340ceda
gate-10	10	4	16x1x1x1	64	pos4/gate-10.f32	fd69a58ddf78532f66598df8e776c7f881c09dedad98889a819cdae738bb916f
beta_sigmoid-10	10	4	1x16x1x1	64	pos4/beta_sigmoid-10.f32	d73aa667980e43d98a36272bf7008247ec6aa3ba87faa19ce23b6e8f384e7f93
state_predelta-10	10	4	128x128x16x1	1048576	pos4/state_predelta-10.f32	e13d728b971905234d847d8a0ffdde1d6066585e0dbf1f9416cb4b17d39559b5
new_state-10	10	4	128x128x16x1	1048576	pos4/new_state-10.f32	60f64fa864ced27dd4b4694bd0b82e342d40b451440d0d3bb4a039eb89cbcfd7
attn_output-10	10	4	128x16x1x1	8192	pos4/attn_output-10.f32	5537d6230a166988c381cafb40bf5b25ada77379adac172c900e2b824b40f94c
z-10	10	4	2048x1x1x1	8192	pos4/z-10.f32	ea7dfae8bee7e5cc0ddff32da1a25efd67f66a697ee56838d38d11bf8646261e
final_output-10	10	4	2048x1x1x1	8192	pos4/final_output-10.f32	5fdaa8ec321a3b396bc62bb08e75fe783f09a00380292ed8ca26acab97d05282
linear_attn_out-10	10	4	1024x1x1x1	4096	pos4/linear_attn_out-10.f32	051a97ddd3b8dc26832e5aadfdc5237ab216162712662779bf3ae62d4c7a5f61
attn_residual-10	10	4	1024x1x1x1	4096	pos4/attn_residual-10.f32	ffe6cf5e74163970778a020f8988366f30c8213a2dd222202a25b058f0961185
attn_post_norm-10	10	4	1024x1x1x1	4096	pos4/attn_post_norm-10.f32	afe12f227c08a966d33bc367e31bc78e78ce226f8a5e5efa974d3044acbec564
ffn_out-10	10	4	1024x1x1x1	4096	pos4/ffn_out-10.f32	2623c3d4d66d21d50b837ddadd255e339f650d178cde26723d770449bfc9b9a3
l_out-10	10	4	1024x1x1x1	4096	pos4/l_out-10.f32	74d92010e411f4c26f4fb54fc84135e2ef9519a872098a89f1a4274268d1e161
attn_norm-11	11	4	1024x1x1x1	4096	pos4/attn_norm-11.f32	f29b8d7bd76f15d553a95c3eb8cb522ca1f9dc227c399040256b70dc48b2a7d8
attn_pregate-11	11	4	2048x1x1x1	8192	pos4/attn_pregate-11.f32	718a9c92009eabb69dd644d6ffd01a3a520b6fca61b6c0ffb21650c0741de365
attn_gated-11	11	4	2048x1x1x1	8192	pos4/attn_gated-11.f32	da89810fb4a8dec5d50112b047085caff93db472bea47336350be67527f4341c
attn_output-11	11	4	1024x1x1x1	4096	pos4/attn_output-11.f32	57f3124945680a1ab640f5ae3e46f12dee6b1111cd59142689f2433903feb665
attn_residual-11	11	4	1024x1x1x1	4096	pos4/attn_residual-11.f32	083aaeb97e7d6b2364265dc775ad1ee741a16d4b0bec7813f0a97aa8cbd17c28
attn_post_norm-11	11	4	1024x1x1x1	4096	pos4/attn_post_norm-11.f32	e195e97ac0ccdd651e71c68ef4dd092296487532521821b6395b1915fcf6d096
ffn_out-11	11	4	1024x1x1x1	4096	pos4/ffn_out-11.f32	42663b502d6e8202dc054078ac4a70f268b203935041354ebc3b66e030ea5f4b
l_out-11	11	4	1024x1x1x1	4096	pos4/l_out-11.f32	2c6323343552261cd7de61baecb4e7b05617c49df5c4d6396f090eaeb0e0ff01
attn_norm-12	12	4	1024x1x1x1	4096	pos4/attn_norm-12.f32	5d3154cece3182d38aeea13d593cd990ae35daf9473b105d1f6650a78a8e7606
conv_output_silu-12	12	4	6144x1x1x1	24576	pos4/conv_output_silu-12.f32	4b96e2a21d680631c4df130182b6ec6cb5e2463b3bc7d9a96f12c303a1394a60
q_conv_predelta-12	12	4	128x16x1x1	8192	pos4/q_conv_predelta-12.f32	148078feaed0379f39887ec58bbced5a9975a7065680fb89dd6e9b7000d4c898
k_conv_predelta-12	12	4	128x16x1x1	8192	pos4/k_conv_predelta-12.f32	7f8da5e3d981fafb103ff8633dbb49b940c5e803b74e89ed1a4a0aa3874156a6
v_conv_predelta-12	12	4	128x16x1x1	8192	pos4/v_conv_predelta-12.f32	f7e187cce472d15a830905c7fd57ee6272ce65c7100762ec663dda66e8066290
a_softplus-12	12	4	16x1x1x1	64	pos4/a_softplus-12.f32	15e9478b4a6e8b6b184c7dd9018ddce9dcb93545f6ea853aa182e56c4c774d29
gate-12	12	4	16x1x1x1	64	pos4/gate-12.f32	5fa18b4e9d2fb4d69ef97b73bf24d0d41242c0c6deb0b3d661dd1f47ec504d0f
beta_sigmoid-12	12	4	1x16x1x1	64	pos4/beta_sigmoid-12.f32	d4e5942f9b985f47e5107da9e032b8651369f8208aa0c52d3d691ba08b3c97f9
state_predelta-12	12	4	128x128x16x1	1048576	pos4/state_predelta-12.f32	e3697b0a128931d41b207ad1b5d8ca03f5b5b8ec35347df175aec254042d7d23
new_state-12	12	4	128x128x16x1	1048576	pos4/new_state-12.f32	a3c38da8414f43620a0f6789370bec9f5685b020913afcffb8beb657d754b126
attn_output-12	12	4	128x16x1x1	8192	pos4/attn_output-12.f32	e441073b9be8188c01a21f61f9413ea94a69c75a18e7fa7ddb39589d7d318363
z-12	12	4	2048x1x1x1	8192	pos4/z-12.f32	09a5a01b03d4e3037dd8dcf058f322082f53053c54f8f26e2a3748ed4608c53c
final_output-12	12	4	2048x1x1x1	8192	pos4/final_output-12.f32	cce68d8849227f5a95ee15fd8f55b33f0a18babcb18a088341f9d55a49f21ddf
linear_attn_out-12	12	4	1024x1x1x1	4096	pos4/linear_attn_out-12.f32	da192269f658d35aec5803fe163292a9e392cab5669162ba03908d9e1f06a119
attn_residual-12	12	4	1024x1x1x1	4096	pos4/attn_residual-12.f32	9e66070c1c265c5241ab1bf031bee1aac8f9a4b3e6cfd72736d4067272ff17e7
attn_post_norm-12	12	4	1024x1x1x1	4096	pos4/attn_post_norm-12.f32	bac7606c7c0e106908bf9d5009f04d7ea51be13c67b6302c18af5ccbb9b406bc
ffn_out-12	12	4	1024x1x1x1	4096	pos4/ffn_out-12.f32	a7138b7dbc93279475aecc09ffa9c9d74aced70e55a40516496d2d515392fd7c
l_out-12	12	4	1024x1x1x1	4096	pos4/l_out-12.f32	2a954e3531e94187dbc36ef391e1ba10cad74107865e2d2c236ac290159abc5d
attn_norm-13	13	4	1024x1x1x1	4096	pos4/attn_norm-13.f32	fa1f4c16af9a75e74a672a931cb0d65975342c8629ee212f00e8dd5c1bf18d2e
conv_output_silu-13	13	4	6144x1x1x1	24576	pos4/conv_output_silu-13.f32	4a95aa37249db4a88a781d01e83541c4e4925efef72657818cd86923eb9a6b77
q_conv_predelta-13	13	4	128x16x1x1	8192	pos4/q_conv_predelta-13.f32	74ba94b9c4c0ef5a2f76a17cc896abfcfd77501013e33cd5471c099126e848a0
k_conv_predelta-13	13	4	128x16x1x1	8192	pos4/k_conv_predelta-13.f32	064ae4cb2009d903e5b363d465380ae3e2c85e3ef233e183b9ff1a2e29eb637b
v_conv_predelta-13	13	4	128x16x1x1	8192	pos4/v_conv_predelta-13.f32	53bdf0bfc56de74680f7cb470a9f799b745ca7a9c24ce42568d50088df0a8e6a
a_softplus-13	13	4	16x1x1x1	64	pos4/a_softplus-13.f32	a1349156d4332115fd22ea8cc67df82593a8670906d8d19d5365d8afc6ef9776
gate-13	13	4	16x1x1x1	64	pos4/gate-13.f32	3d01423da928a45ea9bc63ae193df1f7d49c48ae73262e8c8c1758d8494754fa
beta_sigmoid-13	13	4	1x16x1x1	64	pos4/beta_sigmoid-13.f32	1d32d9dbd22f58f564a81d99326c262fb72f676c353626b27ec0ff4facaaf3b6
state_predelta-13	13	4	128x128x16x1	1048576	pos4/state_predelta-13.f32	80b243eb1c841b71b6740ada5ab031d573d2dcb61edd52f248d5c4020b2e5063
new_state-13	13	4	128x128x16x1	1048576	pos4/new_state-13.f32	412f1e1847cad450d09eeef56ab0a4a8e4bef321c0c29ce1da1856d375a986aa
attn_output-13	13	4	128x16x1x1	8192	pos4/attn_output-13.f32	8ef12e8b3319dcc6ca64dd916d3ff914e4536feab8b3661bb524b72c4547d360
z-13	13	4	2048x1x1x1	8192	pos4/z-13.f32	282278ae75aa9f60ed53e9aa7f8d0917bb5bae7eef8ccd29079cf4f8b940e946
final_output-13	13	4	2048x1x1x1	8192	pos4/final_output-13.f32	7f0fa6720c0d3ecba89a48d9f36d83894f1391d85a7f00d04b66a6dc0b73663c
linear_attn_out-13	13	4	1024x1x1x1	4096	pos4/linear_attn_out-13.f32	723aa1c95e7cd732768329b20defe29c5cdb98cc488f52011064350ca94cfe92
attn_residual-13	13	4	1024x1x1x1	4096	pos4/attn_residual-13.f32	e0a94a0edf02b4f236b49d21b4a513c39fb73b64bb2166c6ad00b0ff26c2377e
attn_post_norm-13	13	4	1024x1x1x1	4096	pos4/attn_post_norm-13.f32	487ba11ce2fc6e95f299b3573e8cde97075a4da577688d222db6935198dddc91
ffn_out-13	13	4	1024x1x1x1	4096	pos4/ffn_out-13.f32	d03485edb20dbb3bc0b929dd06d14af5aeb4bb701a19924370633d71d5f3d154
l_out-13	13	4	1024x1x1x1	4096	pos4/l_out-13.f32	d4b242697bd2168ce632e656b273a3a6fcac4871941b774269776bedf00624e2
attn_norm-14	14	4	1024x1x1x1	4096	pos4/attn_norm-14.f32	b348aa27c43058ffa363f3f5e3cea5de4a43b4ddd737c92c2c53eab214744966
conv_output_silu-14	14	4	6144x1x1x1	24576	pos4/conv_output_silu-14.f32	dee747bb2e626783d67e427ac7ddf6d1985c332b251e8ba24ac5e6412d284d4b
q_conv_predelta-14	14	4	128x16x1x1	8192	pos4/q_conv_predelta-14.f32	a213c9af71cc05e7078f4d0d9607b7bd25fe2de1018facea5d835297fbdbebf3
k_conv_predelta-14	14	4	128x16x1x1	8192	pos4/k_conv_predelta-14.f32	86c97b85dbf518202ad6c41458bfd5d040ba2fda4f0951e875abd7a7aecf7b09
v_conv_predelta-14	14	4	128x16x1x1	8192	pos4/v_conv_predelta-14.f32	752ec9270657531e7f473c8eecd9e0fee87f36292a57681adfb7b5bb9e0eeab0
a_softplus-14	14	4	16x1x1x1	64	pos4/a_softplus-14.f32	99655d88321c81c9acc7102d9da01dead8e54422d988fefcf45bb59a1da1ccb2
gate-14	14	4	16x1x1x1	64	pos4/gate-14.f32	0b58aaf6c50729fc9b3e7aec2a24d03393d2484b18a7f2c0dd1eff3db4a84f4c
beta_sigmoid-14	14	4	1x16x1x1	64	pos4/beta_sigmoid-14.f32	f5392ea8f0cfe4c8604919e70c14633413ef346c09b04790c941c0b5c02f4d5f
state_predelta-14	14	4	128x128x16x1	1048576	pos4/state_predelta-14.f32	371fc9a50d9432d6b6fe022bb6d68abedf25b9e30ae08a3640fc6eb90dd29598
new_state-14	14	4	128x128x16x1	1048576	pos4/new_state-14.f32	1d5c2accd368476d89669e9899c5d812cfe8bda9ea5fc497861ce330bf77bca4
attn_output-14	14	4	128x16x1x1	8192	pos4/attn_output-14.f32	2373fdf0ee138a5b7a5d5afdb3e9ce528cace34f1e7cb9e233ea342aea3ef647
z-14	14	4	2048x1x1x1	8192	pos4/z-14.f32	2f5777dda47007f9f8345c65a50af48a94c01bca650faea79816dfe06ee8b737
final_output-14	14	4	2048x1x1x1	8192	pos4/final_output-14.f32	5423cd76e83fb66e329b04663e894748f6223ab0417a44fb72316ec9f90b4d5e
linear_attn_out-14	14	4	1024x1x1x1	4096	pos4/linear_attn_out-14.f32	dc8acb18d3a99dc1432015c57880c69da923bdf0ec7110cec071514afc1e5e24
attn_residual-14	14	4	1024x1x1x1	4096	pos4/attn_residual-14.f32	b392dc2ecd69448626a694b6a816cf434a50339761ba7363097a22f554d04326
attn_post_norm-14	14	4	1024x1x1x1	4096	pos4/attn_post_norm-14.f32	d22b9b45f5da0095d69a63e02a7ea48bfc0baf76c8b5829ce04bd2c82d5ed58f
ffn_out-14	14	4	1024x1x1x1	4096	pos4/ffn_out-14.f32	8e57b29b521797ff4b4892540f739c9ff2be134920b23e9a076cc2866ced2ada
l_out-14	14	4	1024x1x1x1	4096	pos4/l_out-14.f32	61b54ba42f47c3bdbbd7bde6ca33871369806b17ee2ed8a869ad939c5af237f0
attn_norm-15	15	4	1024x1x1x1	4096	pos4/attn_norm-15.f32	335060aaa8423d188235755512ea7c691c7cef74e5ecdc27070355aa45fa0d9b
attn_pregate-15	15	4	2048x1x1x1	8192	pos4/attn_pregate-15.f32	7e25f7dccc688b48f57f23569c9955f53b0a22d19fadb6d4538fac7e240f6055
attn_gated-15	15	4	2048x1x1x1	8192	pos4/attn_gated-15.f32	3a87e5c63f565d1a205d244e7d9334d9bcaa5fca6a3b3fc20722c65c2747c943
attn_output-15	15	4	1024x1x1x1	4096	pos4/attn_output-15.f32	267cb7581b10f3b83fddb023f5ea8242bf2bed5b8346494cf433553ef02599c3
attn_residual-15	15	4	1024x1x1x1	4096	pos4/attn_residual-15.f32	16a799141c8a5abcbf73d3bbec00f64ca3d90f146559fb36bac039d947c2069a
attn_post_norm-15	15	4	1024x1x1x1	4096	pos4/attn_post_norm-15.f32	3595adae7a9ab098b64e75c805cac70ae23a8571c9b9dca8f63443712c5bb782
ffn_out-15	15	4	1024x1x1x1	4096	pos4/ffn_out-15.f32	ebdaf34dc5989b3feaa1e84e4b354ea69e26e04b25df4da9e1b05581240a480b
l_out-15	15	4	1024x1x1x1	4096	pos4/l_out-15.f32	585f30c8c09a4945dd71996766fe057647c835865cdaed487eaebaeeeed3a7d2
attn_norm-16	16	4	1024x1x1x1	4096	pos4/attn_norm-16.f32	636e0e6fb2ce3ab9d1b56a61debabc181cf9afab7d1b2baa88854221fcf021ff
conv_output_silu-16	16	4	6144x1x1x1	24576	pos4/conv_output_silu-16.f32	d14b8c925781fc59a250c4125658e171c1b044d484e2bf90f89e75fdc020fe0a
q_conv_predelta-16	16	4	128x16x1x1	8192	pos4/q_conv_predelta-16.f32	7ed907278afa124ec118018c69e80583796738dc99949bdb0bf51aed14170000
k_conv_predelta-16	16	4	128x16x1x1	8192	pos4/k_conv_predelta-16.f32	27545077a240113d26e6f4dfa2429376a6d4856b805ddd5e6fb65d8bd54eeee1
v_conv_predelta-16	16	4	128x16x1x1	8192	pos4/v_conv_predelta-16.f32	27eb24a78c59126a17a94c8d279855466884537f96b38892c9af2b703a7dd9d7
a_softplus-16	16	4	16x1x1x1	64	pos4/a_softplus-16.f32	b77237cfc339f701366db2424fd913b7690655792b48abac126b7adaf9b7dc87
gate-16	16	4	16x1x1x1	64	pos4/gate-16.f32	06720f69f4803c52da4232d033c6caa70ac7118dfedfc30ad2d472d898840458
beta_sigmoid-16	16	4	1x16x1x1	64	pos4/beta_sigmoid-16.f32	c80e216570634e419dc7a7b4f6f582d813242cc9c9589778608ee7fb0b5bec57
state_predelta-16	16	4	128x128x16x1	1048576	pos4/state_predelta-16.f32	7790a094117306bfb97ff7522858d1aaf4f54cc518842e73dff5bb49a9aa8bd7
new_state-16	16	4	128x128x16x1	1048576	pos4/new_state-16.f32	2de6ab546df001ad62cd9dac09bb0be825ffbcd9ff696997a608c4923a66b14d
attn_output-16	16	4	128x16x1x1	8192	pos4/attn_output-16.f32	3eff81a4305e2f4f3c466add2d3f231ab3f137b8ee460269a3190929de29af3d
z-16	16	4	2048x1x1x1	8192	pos4/z-16.f32	ba256bb2845ad15ebb822a1218c8f914d4b9433fb862cf734ffc0fba369ffc36
final_output-16	16	4	2048x1x1x1	8192	pos4/final_output-16.f32	76da94fc441cf52d10b561787dad3ec86522e55af0610334789e5addab619fd8
linear_attn_out-16	16	4	1024x1x1x1	4096	pos4/linear_attn_out-16.f32	86d9caae842ca3a932287ec0d55a97fc626b825e865e8a2e3eff30e804a681cc
attn_residual-16	16	4	1024x1x1x1	4096	pos4/attn_residual-16.f32	907fd1ed64b2ba7649cb3ec2def584ef20173ec4bcce504f18a8acad7f8f16e7
attn_post_norm-16	16	4	1024x1x1x1	4096	pos4/attn_post_norm-16.f32	41075bd5da35a4e1060dba33597a02994c3ded7007697305535ceab76be99506
ffn_out-16	16	4	1024x1x1x1	4096	pos4/ffn_out-16.f32	f091c570acbe38821240d1fa87b63dd9288e01e52d4f4ee502f0d900f48761bf
l_out-16	16	4	1024x1x1x1	4096	pos4/l_out-16.f32	3848ac14d0e744d45ad0bc408516ac955f66deb2f70243b0229730f1cc511d00
attn_norm-17	17	4	1024x1x1x1	4096	pos4/attn_norm-17.f32	c5213e0121cc57ee1f2d8a0526d6ef71cde1d193c4c93a4225f8f424289b7cca
conv_output_silu-17	17	4	6144x1x1x1	24576	pos4/conv_output_silu-17.f32	d837664cb2525e4187991b273b636cb4745b9473c00aac5ab240ebe0170276f6
q_conv_predelta-17	17	4	128x16x1x1	8192	pos4/q_conv_predelta-17.f32	5b08980c2ec54a2f552e0190b4dfb5197af035bf09c2201477b2f5098e2cf06a
k_conv_predelta-17	17	4	128x16x1x1	8192	pos4/k_conv_predelta-17.f32	24f5417993f617ef5a90af2ee43bae8c149e2b832de383c5767b3bae5484f767
v_conv_predelta-17	17	4	128x16x1x1	8192	pos4/v_conv_predelta-17.f32	c530cf65ac45ba6e4916158a5a75c10cbc5f63a9484d22b919760ae72c091121
a_softplus-17	17	4	16x1x1x1	64	pos4/a_softplus-17.f32	5ef2339da2d0e501ea452738babd6a3e46ef1b9413b3db6ab5618c853b8a62cd
gate-17	17	4	16x1x1x1	64	pos4/gate-17.f32	8bcc12fb74d7c1b832fe7770f9b357a08b938bb340c478ca2c4acbb5fd2bc4be
beta_sigmoid-17	17	4	1x16x1x1	64	pos4/beta_sigmoid-17.f32	9d4468658c40a5eb25850be7bc91f8f38ecde991c0f79ee230425f7c063637d3
state_predelta-17	17	4	128x128x16x1	1048576	pos4/state_predelta-17.f32	97dce8834d6a03d669dc32a91768440a9c32d4f224907a557e3446b79649ca7f
new_state-17	17	4	128x128x16x1	1048576	pos4/new_state-17.f32	9d080f430d216f419db634d006639a23104735d19f4481cb5840eca4b9358872
attn_output-17	17	4	128x16x1x1	8192	pos4/attn_output-17.f32	c52c6413e9bc98d9d47157a04a2fa15cc002dc6db43d0ff86013def1db742e9c
z-17	17	4	2048x1x1x1	8192	pos4/z-17.f32	40941ce829c31abd4e40e45196b94ad3c662f6623f0feb7678332b65f51588b6
final_output-17	17	4	2048x1x1x1	8192	pos4/final_output-17.f32	d43f8b29e7aad5571e8b6cb1895de5bc2815d6af1baf15037b149f6a4e1e5a53
linear_attn_out-17	17	4	1024x1x1x1	4096	pos4/linear_attn_out-17.f32	24ccbdf63d19c4282c7f425464aaaf07a4cfe971bb00ac6fc52ca5ebf2c9fc6d
attn_residual-17	17	4	1024x1x1x1	4096	pos4/attn_residual-17.f32	afad3705b11fc897fd64276c3d6d0c542ef5b3cdb2ccdf8178745b6c432e16ad
attn_post_norm-17	17	4	1024x1x1x1	4096	pos4/attn_post_norm-17.f32	13b79b01f09d30f2d8456d29461108bfe6d9cfd2d2407ecbccb867af51ba30e4
ffn_out-17	17	4	1024x1x1x1	4096	pos4/ffn_out-17.f32	99f70522fbbe9446311ae6ad15294ed3a3fde853e6d153bb2a9e9642bfb23ffc
l_out-17	17	4	1024x1x1x1	4096	pos4/l_out-17.f32	68163acad5dd0cbd3f4806b7f828ed2b0a0cfd6f3792abcc6ffa6b1f0989a5fe
attn_norm-18	18	4	1024x1x1x1	4096	pos4/attn_norm-18.f32	de13eb5cc62f44e8d68bcdc52795f1efd38120cb5f97b1a16f5f97c60ea00df5
conv_output_silu-18	18	4	6144x1x1x1	24576	pos4/conv_output_silu-18.f32	4b63efe6d9b2ee625d5559e1bb7bf3621476990b6c7a5d633f63b12becbcfc20
q_conv_predelta-18	18	4	128x16x1x1	8192	pos4/q_conv_predelta-18.f32	7c4b44c5cbeea1ccdedc68161aac2a9218e6718f3f1c89633e4650ebae51e38e
k_conv_predelta-18	18	4	128x16x1x1	8192	pos4/k_conv_predelta-18.f32	4910f9ebd60e9b599033e7e680eb92d3eb3a0deae48ffb0b0c3717db5be25c91
v_conv_predelta-18	18	4	128x16x1x1	8192	pos4/v_conv_predelta-18.f32	6df37014aa0eb7967984593f46b268cf4682f435f45aa91bb8540109366e311e
a_softplus-18	18	4	16x1x1x1	64	pos4/a_softplus-18.f32	9f202de75f94f06e85da0d1c8a15f0ef4bbac8bbba16d4d033aebcff93fe3101
gate-18	18	4	16x1x1x1	64	pos4/gate-18.f32	a8930d4a917a007e7715009de2b1c4b2954fe0e37a66605404ed639462d5ae7a
beta_sigmoid-18	18	4	1x16x1x1	64	pos4/beta_sigmoid-18.f32	2119a0f711b3755d0dc06bcbe7b9ba8b097d7a2a7e05388b6e8a72713aa731b0
state_predelta-18	18	4	128x128x16x1	1048576	pos4/state_predelta-18.f32	ab37a097b86ef893bbea9e4ed4fb2c5f5f71057a02638b25d93b79a656002bd5
new_state-18	18	4	128x128x16x1	1048576	pos4/new_state-18.f32	14b9975ec890e4bce26f0e57ba3167e8f05c5297b4ffe0efe4c3535f591ea507
attn_output-18	18	4	128x16x1x1	8192	pos4/attn_output-18.f32	7512fb458b973a45b43ae441abbaa0dad9a56a459e505e08ad48582b8ba9842b
z-18	18	4	2048x1x1x1	8192	pos4/z-18.f32	f82bef75a7e56b438ae5961a7894573c9dcba0baf958c1af74e129aa02ad03eb
final_output-18	18	4	2048x1x1x1	8192	pos4/final_output-18.f32	977dcfce5717b286cad1c1c27fc15873db831a7cf29b74e3daa828d297c1dfed
linear_attn_out-18	18	4	1024x1x1x1	4096	pos4/linear_attn_out-18.f32	f0cb98142a073f29b21ff5e973bbe7ae9200697a9afaf23335d8c6df0cbcdcd3
attn_residual-18	18	4	1024x1x1x1	4096	pos4/attn_residual-18.f32	ce26666d3b9c2cba2ae21c0252d30e14095ebb38f460b759ad09575efd7081e9
attn_post_norm-18	18	4	1024x1x1x1	4096	pos4/attn_post_norm-18.f32	79b025fb22a945c6728d808b8c77c65ef77d4d2bbfe8320d1425536c68326306
ffn_out-18	18	4	1024x1x1x1	4096	pos4/ffn_out-18.f32	3f02370c338ee9919c13731b3b758799800442686a2ccf4a97759f835bbc0a2d
l_out-18	18	4	1024x1x1x1	4096	pos4/l_out-18.f32	4f624d8d6eebab5fcfa956f1f8b2e6e8436824387125d0a3272ab75557739a75
attn_norm-19	19	4	1024x1x1x1	4096	pos4/attn_norm-19.f32	6554e58810aa65374120f59ff345c8103fc57614b5692a6ac1b7bf34acc9a188
attn_pregate-19	19	4	2048x1x1x1	8192	pos4/attn_pregate-19.f32	49412cd21c20b9d389f6184af48771139d69926460fe873b168156b323dc73d9
attn_gated-19	19	4	2048x1x1x1	8192	pos4/attn_gated-19.f32	3d6c88761fcc03c6024e270d571d66d24592d29399ac2f5946dc6d42a2866553
attn_output-19	19	4	1024x1x1x1	4096	pos4/attn_output-19.f32	d7599bcb5308948ac5e2e03e50b0c2e6dc5c8d9188e5c61c4f0fa546b21658f7
attn_residual-19	19	4	1024x1x1x1	4096	pos4/attn_residual-19.f32	5a5a9ef730c1ddc3e347ab5717ab18b35464209c0004140498879ac7b90432e6
attn_post_norm-19	19	4	1024x1x1x1	4096	pos4/attn_post_norm-19.f32	54da6632b0cdf64eab96b774364884ef11aa8dc91252b647192a141190062bcd
ffn_out-19	19	4	1024x1x1x1	4096	pos4/ffn_out-19.f32	f7ab3ed65c49466daa07b0c79e634370653bab18d4cbd8dc158153555cf7be3c
l_out-19	19	4	1024x1x1x1	4096	pos4/l_out-19.f32	702b5f9b810fbc8161f7be7f2f23962044660efaf0ebfc852f9d677761221895
attn_norm-20	20	4	1024x1x1x1	4096	pos4/attn_norm-20.f32	c11eabe24b06a2683416654ce9bc646e0ab57d93b3d329888dbe1a081de15b71
conv_output_silu-20	20	4	6144x1x1x1	24576	pos4/conv_output_silu-20.f32	347ffd0d1f6d82f9ecbdf51265dbbbda7636af76da1aab941fcfb855e72b91fd
q_conv_predelta-20	20	4	128x16x1x1	8192	pos4/q_conv_predelta-20.f32	2fa67befd333049283c8e3b1879b33c25d94ff038619efce3798f8f4424f7238
k_conv_predelta-20	20	4	128x16x1x1	8192	pos4/k_conv_predelta-20.f32	cbb58f5754d6ce0ad139c2712086bc21dd17e3e9f30e11c06277a272fa8371f0
v_conv_predelta-20	20	4	128x16x1x1	8192	pos4/v_conv_predelta-20.f32	e871c494cdd35caa8e11266a15c4bfd5d7d7e1116b68163d787a3022acbd1e2c
a_softplus-20	20	4	16x1x1x1	64	pos4/a_softplus-20.f32	762ab8a936ee3af42dabaa80abcf3733c362ff596c43b86e439c9fe7c2840d99
gate-20	20	4	16x1x1x1	64	pos4/gate-20.f32	810976bb73098fcaac0316dea9f1e2b24def2f84ba26d691b7836e3f561762ea
beta_sigmoid-20	20	4	1x16x1x1	64	pos4/beta_sigmoid-20.f32	b9f173940e127b2693bfb2047e6a5c47f0fbabbfd8ddcbbc85db0f6f2d89a5ca
state_predelta-20	20	4	128x128x16x1	1048576	pos4/state_predelta-20.f32	40688a0870044033ca2944fd42d6f061f6587eb58f8f9bef57d1bb9f06c7088a
new_state-20	20	4	128x128x16x1	1048576	pos4/new_state-20.f32	cf177a6714c655a5b88e5e878d3fb7a6c6e1f30f9413f42fb9bcb95354662f45
attn_output-20	20	4	128x16x1x1	8192	pos4/attn_output-20.f32	b1433f9d2c8f5224140a1fbcf644f321ef1211cb72956b004f41cc2e527c8266
z-20	20	4	2048x1x1x1	8192	pos4/z-20.f32	52bc5e34802b9c44c02b339e89674225ad6c027a9b850f68a4304abf458b2263
final_output-20	20	4	2048x1x1x1	8192	pos4/final_output-20.f32	3fcab782fc64241c8ab04bac11ef7f1b6288b94f83c8e7373224bfe54ee0b976
linear_attn_out-20	20	4	1024x1x1x1	4096	pos4/linear_attn_out-20.f32	99b76948c9cb75e96b5dbc21f0585ea0e4cb258c256b521be77044e7208e24fa
attn_residual-20	20	4	1024x1x1x1	4096	pos4/attn_residual-20.f32	515559541869608469be11c61e6b18824055b4c0d4eb1b7a61ef0e0393901c48
attn_post_norm-20	20	4	1024x1x1x1	4096	pos4/attn_post_norm-20.f32	d4b6ac54c1298b7f48b5013938f42af285669eb9135543d816a57e72e53dd7e6
ffn_out-20	20	4	1024x1x1x1	4096	pos4/ffn_out-20.f32	ec4e4e33d0fcdfdf500529ddd289da1635b5b4f87f86a082f6ef72eaa798a402
l_out-20	20	4	1024x1x1x1	4096	pos4/l_out-20.f32	e099d5e29cf61f468428c68c0538a53ac609fcdc1c8b60e0a924b2cd7ff9b6d1
attn_norm-21	21	4	1024x1x1x1	4096	pos4/attn_norm-21.f32	584e99e94f64c119959ec555d3bf1b622b820cda5e17156c418d91b242d32c6d
conv_output_silu-21	21	4	6144x1x1x1	24576	pos4/conv_output_silu-21.f32	aff447747449c3e114b6229b95c955812d6eca2976d2e21cbdfc45935c4bf3b2
q_conv_predelta-21	21	4	128x16x1x1	8192	pos4/q_conv_predelta-21.f32	a467605fde7fd1e29d88aff433e0efb90666773bb31f8e7566a747705657a9cd
k_conv_predelta-21	21	4	128x16x1x1	8192	pos4/k_conv_predelta-21.f32	66668fa4a744cca746542185a899b949402f1e36fb7ffe3ca867349520168604
v_conv_predelta-21	21	4	128x16x1x1	8192	pos4/v_conv_predelta-21.f32	4c45363f8fc00b4aa7ec3c895ac40ba0e003a6c1a5d23fc043bc083bde58fd06
a_softplus-21	21	4	16x1x1x1	64	pos4/a_softplus-21.f32	e314350c771c94a4b4b48e54e9ee87451936078b005fd1ad10152ae58ccf6ab4
gate-21	21	4	16x1x1x1	64	pos4/gate-21.f32	2e0c6cc205e412875ee45402d6da6334c8da6b6084ccf336e30f787f25ee43df
beta_sigmoid-21	21	4	1x16x1x1	64	pos4/beta_sigmoid-21.f32	01f10afa98500330a3363c968f64804d8270f4414d51f55bbeeab39f984a33dd
state_predelta-21	21	4	128x128x16x1	1048576	pos4/state_predelta-21.f32	a4217e4f280cc3d02312c83d4fd13985091da5ed9168613feb1cd1921ede6e7c
new_state-21	21	4	128x128x16x1	1048576	pos4/new_state-21.f32	d688b798c2b57342faa343cf47f7a31bf40f8a8d5070b2ddfbb3eb97afd87330
attn_output-21	21	4	128x16x1x1	8192	pos4/attn_output-21.f32	da460e55e1f4fdbb599e64fde537fa2dedc98e049cdfed7b967b258954155f0f
z-21	21	4	2048x1x1x1	8192	pos4/z-21.f32	ee511b2347107eafdb3c40f6e3a4135d5a3b62864d6e6b7344dde51560faadd1
final_output-21	21	4	2048x1x1x1	8192	pos4/final_output-21.f32	f6fb7d7cd202e4114a6b14e4178e9e27b48a9c093ee67ab2c3aab9ab20dbe4e5
linear_attn_out-21	21	4	1024x1x1x1	4096	pos4/linear_attn_out-21.f32	50da4279b734bc2f8f4bece26b38db985bb847f50451221d6521b50e6ee2d865
attn_residual-21	21	4	1024x1x1x1	4096	pos4/attn_residual-21.f32	b9f327b54d397ed52c7225e76e674346bc468d61722c2e7d6ca642a0395b9302
attn_post_norm-21	21	4	1024x1x1x1	4096	pos4/attn_post_norm-21.f32	baece61036f15951fe7cc4b4b35bb631a835fedf25cdace5a8c58cf07406a33b
ffn_out-21	21	4	1024x1x1x1	4096	pos4/ffn_out-21.f32	9205489bc4dceef1a743e949a6045a019dba75c22ce24578dcfaeaaa4a7749bc
l_out-21	21	4	1024x1x1x1	4096	pos4/l_out-21.f32	cf6fdd20a040167a2fb28284316e96b011d3af33b3d301dee599511041344211
attn_norm-22	22	4	1024x1x1x1	4096	pos4/attn_norm-22.f32	bf299a5b8ff06847cb953b569aae5b0750098a1d20896d5e9ab71718fa0bfd1d
conv_output_silu-22	22	4	6144x1x1x1	24576	pos4/conv_output_silu-22.f32	fdc94fb0d693d2730a8aed4b9bc5d8edef959fc5964228e1a6e675e93dd8104f
q_conv_predelta-22	22	4	128x16x1x1	8192	pos4/q_conv_predelta-22.f32	cdd7d906a57aa4e2820fa3a8a0795f7d485067ec8ec551293dafae5deaeb42bf
k_conv_predelta-22	22	4	128x16x1x1	8192	pos4/k_conv_predelta-22.f32	ba1bc176fa7f3cfa3f2df0f8d1e0497b40141f6e1f44a134712c36434113840e
v_conv_predelta-22	22	4	128x16x1x1	8192	pos4/v_conv_predelta-22.f32	411caa1cab91bdd6563618182cfbdc4e9420638283538b06e8d1c69018922479
a_softplus-22	22	4	16x1x1x1	64	pos4/a_softplus-22.f32	6d638f81e03a2be4d8c410a4965a74e91718e2e30ce7938d5dedfb01bced0729
gate-22	22	4	16x1x1x1	64	pos4/gate-22.f32	eb805a9f46dcd40c305576433ce2635a54a54d1960f5e3a6c244397c0d0c1bed
beta_sigmoid-22	22	4	1x16x1x1	64	pos4/beta_sigmoid-22.f32	f9a3ace621944369cd1ebea8d5a4af1f83ae985557cc9205fa80bf195c87964f
state_predelta-22	22	4	128x128x16x1	1048576	pos4/state_predelta-22.f32	1ecd67b3da0a91fbd4608dbda2c674f778018eb8a4328f4964a1bc74ea10da0d
new_state-22	22	4	128x128x16x1	1048576	pos4/new_state-22.f32	a9f113866673aa3a10e50e7521f3c134474409626c254e11cc4eec0fc280d6d9
attn_output-22	22	4	128x16x1x1	8192	pos4/attn_output-22.f32	37f0d57e5b6f1e8695faa98ae6bde01a5fdd171b473cb02517753f155742d1e9
z-22	22	4	2048x1x1x1	8192	pos4/z-22.f32	3e237615406467e2ac919fe589b546a01692d2d971722d0488ddac39976be549
final_output-22	22	4	2048x1x1x1	8192	pos4/final_output-22.f32	23a86f2d48b869aec3cc63c78fc35886b5ed6cf70f2c3ef2aa7cb6e2635c25ed
linear_attn_out-22	22	4	1024x1x1x1	4096	pos4/linear_attn_out-22.f32	2a9977d1de66eb03e462370c166496e13280fbe668a216ce07f5411a2438ad41
attn_residual-22	22	4	1024x1x1x1	4096	pos4/attn_residual-22.f32	f318060b9f527f10d1aca15e4272de3aa5a030f1e2f37b8c182a1a96a96ae342
attn_post_norm-22	22	4	1024x1x1x1	4096	pos4/attn_post_norm-22.f32	8eff9acf70988b68d55f870ed4cec0d6ceb9a4545a06ad8c31cae0f441191dd6
ffn_out-22	22	4	1024x1x1x1	4096	pos4/ffn_out-22.f32	9174281c8169c5ffe3e616e41544522fa9adfeeca80bac2d60603a8ad75bc882
l_out-22	22	4	1024x1x1x1	4096	pos4/l_out-22.f32	f2e91c00275e8fd56d857526d323d0db907477b17117114b7ef9c9258f416751
attn_norm-23	23	4	1024x1x1x1	4096	pos4/attn_norm-23.f32	cae6d6bda529306244c513a3421e50fcb4948735c50c489a373677e6a5f7023e
attn_pregate-23	23	4	2048x1x1x1	8192	pos4/attn_pregate-23.f32	0814109fc5a866653bacf3c22479a608cc712da406b3796d2b4af762e32abeee
attn_gated-23	23	4	2048x1x1x1	8192	pos4/attn_gated-23.f32	3db589188dc2fa8f104502d117ccdd5609cd5016ad053383b1a14953aab6bf06
attn_output-23	23	4	1024x1x1x1	4096	pos4/attn_output-23.f32	9d8adbe94ae59790c121b3b43e37b3cd4e49e9b505fede909e9f07fc0cab9b7c
attn_residual-23	23	4	1024x1x1x1	4096	pos4/attn_residual-23.f32	3ded5a0db7b347f2ac3ac4b7d5cc6cd136313800c9a003f333b04e310a387d67
attn_post_norm-23	23	4	1024x1x1x1	4096	pos4/attn_post_norm-23.f32	534e90b1eabeb1549ec0fae03ffc7301b4f3a15fc2e51c7e265b575ca14b8b2b
ffn_out-23	23	4	1024x1x1x1	4096	pos4/ffn_out-23.f32	97d54a49ffd95a952b3a323924e62e9f7b8a3b78608eb31644baf8a6adcc4276
l_out-23	23	4	1024x1x1x1	4096	pos4/l_out-23.f32	caf493adf8f74f6238145016961e30d92f0e79bda1a83f73d859d4fa30ec98e2
result_norm	-1	4	1024x1x1x1	4096	pos4/result_norm.f32	db2877fce7dc65d8279a103e41dbd41c0ab7ef08bc20fd3b9ce526d2e68b40e8
result_output	-1	4	248320x1x1x1	993280	pos4/result_output.f32	8d7c2f8aa029e70d59f1ec8151b23f88994b2e92e4fd83aa9ea069ca1f631f52
model.input_embed	-1	28	1024x1x1x1	4096	pos28/model.input_embed.f32	42840b96bd73b0c97b92fedfd5b77eb68eb80783816423cd54104ff915f47ff1
attn_norm-0	0	28	1024x1x1x1	4096	pos28/attn_norm-0.f32	76009728a7550d71d93cd9295e593d5ed2601466dd992228e6b493785930d69e
conv_output_silu-0	0	28	6144x1x1x1	24576	pos28/conv_output_silu-0.f32	a05f988d34cc4b4a870af6ce6237571e9c844583e37ecf79c73814688d8b76b3
q_conv_predelta-0	0	28	128x16x1x1	8192	pos28/q_conv_predelta-0.f32	6ec97571b5a3a6eaa73587849af6810089e7587e1b52b1a648a4ce4400c3cad0
k_conv_predelta-0	0	28	128x16x1x1	8192	pos28/k_conv_predelta-0.f32	c31a71eef83466e57378dd5cf3e7308c7b9e12a1e66369c36efab8573d7f98e8
v_conv_predelta-0	0	28	128x16x1x1	8192	pos28/v_conv_predelta-0.f32	76ddd5832c2af45a85585635a28b243931f67c9311c3a959982c528bc2da85c6
a_softplus-0	0	28	16x1x1x1	64	pos28/a_softplus-0.f32	8ab5446fe7300d7a2deb5dabd25b57c8f30ba44a1d6d3d10f124f5a68bdc7518
gate-0	0	28	16x1x1x1	64	pos28/gate-0.f32	d03390233a7f3d16145bfc92dec6bc837e8fdc0cc7abeee0ee396f702c0c1916
beta_sigmoid-0	0	28	1x16x1x1	64	pos28/beta_sigmoid-0.f32	d19229aa0b2cc8debdc672cc75d04ec5e4d9635fef75fe5d90a3b30609e67f1c
state_predelta-0	0	28	128x128x16x1	1048576	pos28/state_predelta-0.f32	d0ea2aec0dc51bfe0b648fbdc9a52ab07df8d7d04b78ec45386a0f921f9d26c6
new_state-0	0	28	128x128x16x1	1048576	pos28/new_state-0.f32	4ebfb6237c2fb50f40cc53a32b1124f5f7f0e3bdd739762b803e9eabff9d2174
attn_output-0	0	28	128x16x1x1	8192	pos28/attn_output-0.f32	6954803c5af42939245bfcb3f55572dd93e78223775625354adb0f1f6643b6da
z-0	0	28	2048x1x1x1	8192	pos28/z-0.f32	d88724317494263fc4f929e33b379770776cdc3f5fb0aa6a88ab28cd14101cf3
final_output-0	0	28	2048x1x1x1	8192	pos28/final_output-0.f32	60abc69e35bce25433bd3ded147db10cbc3754ab2f7973631b092a6cb90845e7
linear_attn_out-0	0	28	1024x1x1x1	4096	pos28/linear_attn_out-0.f32	0b7a7b024a0c9c9d4be808b0eeb98c688c496b9a5b1fe081e9c271fb67e08a3c
attn_residual-0	0	28	1024x1x1x1	4096	pos28/attn_residual-0.f32	30ac71ac74067a984dd368615de4e222829c8048cebaa3e9e459e54d0a8e4c6b
attn_post_norm-0	0	28	1024x1x1x1	4096	pos28/attn_post_norm-0.f32	ba525f2f776a49467c13a65fce600c8e834e1b03dc468b1f508b592337eb7d62
ffn_out-0	0	28	1024x1x1x1	4096	pos28/ffn_out-0.f32	3e7cdd31c8fbcce1bc402a26e41719c48cb54165cf39e27717bd7c1ebdbbaf24
l_out-0	0	28	1024x1x1x1	4096	pos28/l_out-0.f32	ef30af430c8b543e36377bdf4ab2f35727b5d3313da114486b18ec215cf61058
attn_norm-1	1	28	1024x1x1x1	4096	pos28/attn_norm-1.f32	61ec959a7604ba70c3f2d5c66f3162296dfd76752057306bc2a127cf8ccbf4bd
conv_output_silu-1	1	28	6144x1x1x1	24576	pos28/conv_output_silu-1.f32	e4274cfa4cbc8e0766812d80acb680df713d84bf514fd97bd69d81ab988b3d99
q_conv_predelta-1	1	28	128x16x1x1	8192	pos28/q_conv_predelta-1.f32	77e648fb0ace6fb24bfe3859c7f26b17314bbcff90b7d608c8d285ff4a243f3e
k_conv_predelta-1	1	28	128x16x1x1	8192	pos28/k_conv_predelta-1.f32	f19080d307176e94215da8d55a9439d940392cee87c0fa673e0b82094dff3d54
v_conv_predelta-1	1	28	128x16x1x1	8192	pos28/v_conv_predelta-1.f32	e48b86672002205bb1f1cd30de369f11f8b8aa12317ef62ed76368491d9490fe
a_softplus-1	1	28	16x1x1x1	64	pos28/a_softplus-1.f32	77cfd46e942e5dd6dc6e185da3d2161823026d0f4455f67da00ae4d45e872553
gate-1	1	28	16x1x1x1	64	pos28/gate-1.f32	d31c37a9d4d53f79e21c99826c5ae372de6bab33bc0d5a29307631823ba50268
beta_sigmoid-1	1	28	1x16x1x1	64	pos28/beta_sigmoid-1.f32	9d93fa9d8a20eed21472c6b7b04aef3e1bb109b7a020f8041bafa128fe751aed
state_predelta-1	1	28	128x128x16x1	1048576	pos28/state_predelta-1.f32	3f935b5223687b29a59fe1da9073bb58b82cdf06513e840b8963e92adec7c9af
new_state-1	1	28	128x128x16x1	1048576	pos28/new_state-1.f32	6f21437762051f7ed3673b5168111d71bfd3b7d8875652f93befa69e0e0aa251
attn_output-1	1	28	128x16x1x1	8192	pos28/attn_output-1.f32	9c7a2f5c9d3addb6d66e1e36e6c587f1f5c5d4962fb89c7773f2102f6cf28d27
z-1	1	28	2048x1x1x1	8192	pos28/z-1.f32	24c388d237bbdebd2890183bada31c66fc6a2b53e7a1862e64af75ddbd93666d
final_output-1	1	28	2048x1x1x1	8192	pos28/final_output-1.f32	94d54fc71e412dc12721bdee148cf54602d269a0577310e60a42bc6bb871e560
linear_attn_out-1	1	28	1024x1x1x1	4096	pos28/linear_attn_out-1.f32	f95a6c199f142f99ff3dd0a5d79f9a610e8a6089721bd281ede1435fe36dcf8c
attn_residual-1	1	28	1024x1x1x1	4096	pos28/attn_residual-1.f32	7e2c1dad598d770d3082037de9e42d9c821ee0718ff86d8f4dd33c684eb99d66
attn_post_norm-1	1	28	1024x1x1x1	4096	pos28/attn_post_norm-1.f32	b5cfda372a5661e641c4888f38227a5a84c4ff7300d30dd9ae38701e968265ab
ffn_out-1	1	28	1024x1x1x1	4096	pos28/ffn_out-1.f32	a405c8e857b7e787260b39f24761813c08fc5a44b48ba0bbb0862616d6ae24b0
l_out-1	1	28	1024x1x1x1	4096	pos28/l_out-1.f32	66099b28b928a736e0f66653a1093e4c65a9694fe7d61a49fd154cfbdca493ba
attn_norm-2	2	28	1024x1x1x1	4096	pos28/attn_norm-2.f32	01f771e260532f782984bb1f3b38619e79c75bc76a4a47c7de6bbd2b6a1007c2
conv_output_silu-2	2	28	6144x1x1x1	24576	pos28/conv_output_silu-2.f32	1a3bfb0b777fe0cfe99718620cb41d60cfc03d73fe293b1a4f8fa14f0a5c71a0
q_conv_predelta-2	2	28	128x16x1x1	8192	pos28/q_conv_predelta-2.f32	c1af521891f8ffe082d62dd4bb3166a8b5113e785023cffec4c6fee9af8b2cbd
k_conv_predelta-2	2	28	128x16x1x1	8192	pos28/k_conv_predelta-2.f32	b95df9c4f19e6bccd46baa77db54b34d4a56c2825001759eb4c4ee097494ce4b
v_conv_predelta-2	2	28	128x16x1x1	8192	pos28/v_conv_predelta-2.f32	906f7f70200fdb60abd4226c474868e13d91d137750b1190abe1ecc56f47b120
a_softplus-2	2	28	16x1x1x1	64	pos28/a_softplus-2.f32	9d2a83176dc5a40f40fc9d6937dd3c1c194ac660a9add1a264e42f201dfa1b47
gate-2	2	28	16x1x1x1	64	pos28/gate-2.f32	02166c7e34e875da209a0bf15a6963270f8e5d4deee045034f0674aa279f0350
beta_sigmoid-2	2	28	1x16x1x1	64	pos28/beta_sigmoid-2.f32	864a064dc7566f232d48c791d78ec78fd96972cb78260d983fb4323d369cc0c9
state_predelta-2	2	28	128x128x16x1	1048576	pos28/state_predelta-2.f32	c45a0fe1b87709e8ec3314094da1560f60714cbcca42eb33b6cb2741982b3f65
new_state-2	2	28	128x128x16x1	1048576	pos28/new_state-2.f32	641159a43d7a5bc86fd11cbb2595840cb77e765481e20e6740662221f45703b7
attn_output-2	2	28	128x16x1x1	8192	pos28/attn_output-2.f32	f2b814354848d0febcc0c5205bb2fd66952b923dcddfc487f62b44fb5bb58d2f
z-2	2	28	2048x1x1x1	8192	pos28/z-2.f32	42f1289465bf392606a08624612eaf03b77843ae8b1c2ad429cd30962edab7d9
final_output-2	2	28	2048x1x1x1	8192	pos28/final_output-2.f32	bc2da0b6c047c9de3a0a7acb1a31ee0a9a0e722d6253a1738dacc19445f887a7
linear_attn_out-2	2	28	1024x1x1x1	4096	pos28/linear_attn_out-2.f32	ef6fb4c2c7f7326f1f0ce4785c3f544616642fbb900ede46ff4355cc6f631381
attn_residual-2	2	28	1024x1x1x1	4096	pos28/attn_residual-2.f32	dcf48d53d0ca0850800dd0dec1ca206266a94b08376ab1ba10610888220b5619
attn_post_norm-2	2	28	1024x1x1x1	4096	pos28/attn_post_norm-2.f32	dea6e7fa91fb9cbd200c382ed6987d7e67aa1954f7b0522054d93d001a08444f
ffn_out-2	2	28	1024x1x1x1	4096	pos28/ffn_out-2.f32	a4656c4f6a4293bb0eabab69490292a4ea6ddb839ce0d4d434c11ab367a8aea0
l_out-2	2	28	1024x1x1x1	4096	pos28/l_out-2.f32	cb4eb69baf7f1ea17c32c36a27a2cd842686b0fd9046f9eec42bc7497e5425aa
attn_norm-3	3	28	1024x1x1x1	4096	pos28/attn_norm-3.f32	45e4d3ef8628a9d8923e11ab5ff7b54f2195d97afc222deb4868d59e366109a8
attn_pregate-3	3	28	2048x1x1x1	8192	pos28/attn_pregate-3.f32	d13dc6438124e4b117e3faacd580042ee653f61409f06d885c12452d9f4c52c9
attn_gated-3	3	28	2048x1x1x1	8192	pos28/attn_gated-3.f32	fbeb6155ef800b5a618303450551b33fa5ab90ec082e4748004fa1eeda7a90c4
attn_output-3	3	28	1024x1x1x1	4096	pos28/attn_output-3.f32	5ce39495b68133995da8ab2f013ecc22832ccd68eec91e96b29792c7701abaf8
attn_residual-3	3	28	1024x1x1x1	4096	pos28/attn_residual-3.f32	8249445fe8034465f7d0c6ea993a3d63657e547d6fea81e58c0bf6529fb65e96
attn_post_norm-3	3	28	1024x1x1x1	4096	pos28/attn_post_norm-3.f32	c8f89a35b24fc6b3424b24616a9c57bafec712c5e473e7fbfe46f7bfed5af10c
ffn_out-3	3	28	1024x1x1x1	4096	pos28/ffn_out-3.f32	cc1f27b439eb5ba14a5b40f28eeb7b5ad82b42bbcb3058303218f200bf282baa
l_out-3	3	28	1024x1x1x1	4096	pos28/l_out-3.f32	c6a3e175c6e710b88585584bf9f6e254d8e347743f9e4043bd2cfeddd657bd1b
attn_norm-4	4	28	1024x1x1x1	4096	pos28/attn_norm-4.f32	d90ba83556ba8c966ad8728851ee37d1c74e141f03331af2de5a139e240e3143
conv_output_silu-4	4	28	6144x1x1x1	24576	pos28/conv_output_silu-4.f32	aa2a41876166aa880971121cdb680b096d50e2e3b845b58297a2328f7341b31f
q_conv_predelta-4	4	28	128x16x1x1	8192	pos28/q_conv_predelta-4.f32	61c90aa6bf65a44c560c3e56ccfea2a5094a362bf1c73919fc37fdfe324bc622
k_conv_predelta-4	4	28	128x16x1x1	8192	pos28/k_conv_predelta-4.f32	87c458ede36ed9d691e13c4cfba814065450bdfb8f1345c92cef59619c281c0b
v_conv_predelta-4	4	28	128x16x1x1	8192	pos28/v_conv_predelta-4.f32	cb2f5e46c3a207b7f0532f2ae3de2fd9f7550a056563d64a057f6157585e3beb
a_softplus-4	4	28	16x1x1x1	64	pos28/a_softplus-4.f32	1bcf4a3b758bdbe7320662717d53a015b5c7b372a4c69ba81ff0461270511144
gate-4	4	28	16x1x1x1	64	pos28/gate-4.f32	cffa06021c7677beb84cfaa5c23f09da28b823b3491724adbe9754f45334beb4
beta_sigmoid-4	4	28	1x16x1x1	64	pos28/beta_sigmoid-4.f32	b26033aecc6536b1578ef726972f0aad0c6c6500dfaff0db390fe629239e0b18
state_predelta-4	4	28	128x128x16x1	1048576	pos28/state_predelta-4.f32	2ea1bc4be534b0dce1c9382cadd86b64ace2ee0717f9a1d95fec117b973b12a3
new_state-4	4	28	128x128x16x1	1048576	pos28/new_state-4.f32	2228e595c2a996bfeb9d201f4fd674f11177158e8472879aacba420bad51f3f1
attn_output-4	4	28	128x16x1x1	8192	pos28/attn_output-4.f32	2d320117919115f5552bf58e7a38b900ee01bb2de98c0c6d894ff70b2218975f
z-4	4	28	2048x1x1x1	8192	pos28/z-4.f32	09a041d7d71ef23dd8c7c1b0c4a4c95bac8a566464fcc1609ce5b9f9df4de171
final_output-4	4	28	2048x1x1x1	8192	pos28/final_output-4.f32	02ced77c8309e752d63c34ef65c9b91f62787f402d673697c1c0f685770c3b57
linear_attn_out-4	4	28	1024x1x1x1	4096	pos28/linear_attn_out-4.f32	991088cc0e9d36c19c49470d7aa69bec48840c8d979ba6f38918d30bba987f79
attn_residual-4	4	28	1024x1x1x1	4096	pos28/attn_residual-4.f32	446500065bb585c9f3f821dd1daba7081e2f5ac8c930a7bf47b870a2fa7a33dc
attn_post_norm-4	4	28	1024x1x1x1	4096	pos28/attn_post_norm-4.f32	e3d1b0801a76523006f1684aeb931ab5fe41a46368c1d4071de3ef0a59f1371c
ffn_out-4	4	28	1024x1x1x1	4096	pos28/ffn_out-4.f32	a9f8538a4997dd07546e0ebe24221e430808cf6a4201c04dad8788ad4b94aa46
l_out-4	4	28	1024x1x1x1	4096	pos28/l_out-4.f32	7d9c2ff69c421a78cf708e88207a2260d64802936315048708da6b53593e492c
attn_norm-5	5	28	1024x1x1x1	4096	pos28/attn_norm-5.f32	4cbd87e7ea487eef7cfd9772e1aa8787e77d8a8aa4fa73289026e904e84ff59d
conv_output_silu-5	5	28	6144x1x1x1	24576	pos28/conv_output_silu-5.f32	279c765ccb4d8a9768a7724127309145aa5d552a6a2cd0918b47ed437f97e32f
q_conv_predelta-5	5	28	128x16x1x1	8192	pos28/q_conv_predelta-5.f32	85eb3fc01f78d64f2ee4215a1a171f5f49b87ce91823dd521ae05e5d79da049f
k_conv_predelta-5	5	28	128x16x1x1	8192	pos28/k_conv_predelta-5.f32	8465e2f7b57a7bb45279dfc361284af048bfeb8625e778a416f553c2808a08c5
v_conv_predelta-5	5	28	128x16x1x1	8192	pos28/v_conv_predelta-5.f32	1ada43ccd84b940ee345506b537b3be7c7fb60a11de6ee7d04db92e8661af134
a_softplus-5	5	28	16x1x1x1	64	pos28/a_softplus-5.f32	cbec6b33b920a3a221e80f0b577c752908d157378573aea8ddfb6d7efa721c42
gate-5	5	28	16x1x1x1	64	pos28/gate-5.f32	86567e020ab096c15b920a83ba03629e4f8542513e6eaebcc3e1a8f31844ae99
beta_sigmoid-5	5	28	1x16x1x1	64	pos28/beta_sigmoid-5.f32	0b6f220764514318d6e0dc111365747bb321c3009a6bc6c3d9db95d45f6fe0c7
state_predelta-5	5	28	128x128x16x1	1048576	pos28/state_predelta-5.f32	5c8b1fbbcb02c2bda7a6acf6f6025383767b391ba8ccfbe6b46372074b110de3
new_state-5	5	28	128x128x16x1	1048576	pos28/new_state-5.f32	e6fcfca8d5392b3a135b1bbbf4f253c827046feb7cad67efc005ae1692d1c987
attn_output-5	5	28	128x16x1x1	8192	pos28/attn_output-5.f32	6e99f02c3713c2efb58079f3cdbe940c4e66a34c8cf5cef13c661b4b07d0f335
z-5	5	28	2048x1x1x1	8192	pos28/z-5.f32	6033b817ca035e28f01ff741bbe71effee847512af0cadef1d4281d43e2831c8
final_output-5	5	28	2048x1x1x1	8192	pos28/final_output-5.f32	d04d029d47e62b7975e19cedd446473d656d8e2c02d9d90ed7252d8cfb25419d
linear_attn_out-5	5	28	1024x1x1x1	4096	pos28/linear_attn_out-5.f32	338a9082eea81901352b02ad65f10155ba58f502971140e99a3625ebce8c1b73
attn_residual-5	5	28	1024x1x1x1	4096	pos28/attn_residual-5.f32	c032dc893bb6992a24946d8e7999f5368e410138082681b5136a8fc132ef27e6
attn_post_norm-5	5	28	1024x1x1x1	4096	pos28/attn_post_norm-5.f32	80c6f46709b8ca7bdb1d33b171d2efac8e3bd498a8db7251c601fd4e885ff917
ffn_out-5	5	28	1024x1x1x1	4096	pos28/ffn_out-5.f32	9710d7615635387519578cede9bee446584050f5984f12b643bfd186b9d90328
l_out-5	5	28	1024x1x1x1	4096	pos28/l_out-5.f32	a3c6b7c07720aa5a91a72b225e380be7755d9a27c34af82477288b0996dd3500
attn_norm-6	6	28	1024x1x1x1	4096	pos28/attn_norm-6.f32	d4bda6bb7f8d7d907858a13a7f651f86028acbb3c709ecc96ad08bb1bf4d4b2a
conv_output_silu-6	6	28	6144x1x1x1	24576	pos28/conv_output_silu-6.f32	3a98427ba9a3bb4d894c262d7775dbae59521377e3c9620826dab4a8a84780de
q_conv_predelta-6	6	28	128x16x1x1	8192	pos28/q_conv_predelta-6.f32	6e8623a000e9973c2deddb043189b99aa501c8bb73b6ea32a5aa30293346633c
k_conv_predelta-6	6	28	128x16x1x1	8192	pos28/k_conv_predelta-6.f32	d86bf0aec16489ee93b8ce017d84f689ccdd08c5016fcf314128aeb6b27c3a51
v_conv_predelta-6	6	28	128x16x1x1	8192	pos28/v_conv_predelta-6.f32	a8e90ce6ae6d825f977965a2943af5d15942a4ae2ba4bb0234ec051832a33f19
a_softplus-6	6	28	16x1x1x1	64	pos28/a_softplus-6.f32	21046d2f3317f839c6472dfa0e4229c966fa4d3063e358f571c6970bf44d3f1a
gate-6	6	28	16x1x1x1	64	pos28/gate-6.f32	e269b541b1d841745845b35e9b327335df64d6a8bfca2126deb28e7250f01431
beta_sigmoid-6	6	28	1x16x1x1	64	pos28/beta_sigmoid-6.f32	6aea69ef15cc1b3a721aa2320d82b9add046efe75665117a149f5fd399268d74
state_predelta-6	6	28	128x128x16x1	1048576	pos28/state_predelta-6.f32	d4ce1509954a6c4ef0d3d3f4636cf7cb46dcec116d0d77b03fc774e295f1c7bc
new_state-6	6	28	128x128x16x1	1048576	pos28/new_state-6.f32	f023fca0eb20d286be2ae95599c66df0c949e30d4affb0c3f367329eb449f90b
attn_output-6	6	28	128x16x1x1	8192	pos28/attn_output-6.f32	8093b8756539f80d65b88142a2b9e9d6c095256e9ad9677d87a8495df6d48402
z-6	6	28	2048x1x1x1	8192	pos28/z-6.f32	c6d3f6ba233a0d559bddbeca0ed72d0e6508cba7b061abd752c06a66b1f95b8c
final_output-6	6	28	2048x1x1x1	8192	pos28/final_output-6.f32	2d3f8ede501bf381a61abe1844a697344f9ca8115fa07ef5390274d308a52122
linear_attn_out-6	6	28	1024x1x1x1	4096	pos28/linear_attn_out-6.f32	45f86c67e81ea494dff49522b4a305ed8fc9b26bc76e8fc7b0a80e17a869e780
attn_residual-6	6	28	1024x1x1x1	4096	pos28/attn_residual-6.f32	ad521c154fa8b167063ade5a8fafae0ddd4b4b2792c3db20578cfffd5d1567da
attn_post_norm-6	6	28	1024x1x1x1	4096	pos28/attn_post_norm-6.f32	407e8251628f31f713fb779b70682c8759968577363be13283b3ee3c0d8783ca
ffn_out-6	6	28	1024x1x1x1	4096	pos28/ffn_out-6.f32	8afa900eaba9d75a07fa4cb464150f16153770f2bf7b4d26027c08da932ff06c
l_out-6	6	28	1024x1x1x1	4096	pos28/l_out-6.f32	a9dfa9530c5b8b1a124e080b0eae1b9747892a76e0930d3a81d39d7aa9a77a51
attn_norm-7	7	28	1024x1x1x1	4096	pos28/attn_norm-7.f32	c1179c0aea40ff5f29a7c69246e78cdbb1f06e41d6341277669366e2c937dca5
attn_pregate-7	7	28	2048x1x1x1	8192	pos28/attn_pregate-7.f32	847facec8d5ff20fbce7ad4c763096eef96312735856771367564225246fb44a
attn_gated-7	7	28	2048x1x1x1	8192	pos28/attn_gated-7.f32	49f869f673b523f7d1feb16d6cb72a9a05f614212e40b9266f5c4de05a88a3a9
attn_output-7	7	28	1024x1x1x1	4096	pos28/attn_output-7.f32	108d716381796e47b1e78b84f67f268d14bb73e35a5de1a162b968071bc5170e
attn_residual-7	7	28	1024x1x1x1	4096	pos28/attn_residual-7.f32	9aba35e1814618e7216a9a62f86f5cdfb4c309019dce5dd1e801caa4dc481400
attn_post_norm-7	7	28	1024x1x1x1	4096	pos28/attn_post_norm-7.f32	841e264634bc839c461cc6c88a85050898b2bba328494e481717ddd994c53e8b
ffn_out-7	7	28	1024x1x1x1	4096	pos28/ffn_out-7.f32	3453578b33d0a605c245ba92c295bd20f289c0488ba7ebe075e9bb5c0650a486
l_out-7	7	28	1024x1x1x1	4096	pos28/l_out-7.f32	07ac091e811234ad4b0b161e23d2aed0f68ad3dfb0fc1d2e7f29d7594b654bd8
attn_norm-8	8	28	1024x1x1x1	4096	pos28/attn_norm-8.f32	7021d8b5457b9ed464172f14751966675079cf2d5a136304eea752e5ab11636b
conv_output_silu-8	8	28	6144x1x1x1	24576	pos28/conv_output_silu-8.f32	dae12776730684a1c6c52b432a75c928e0117cd0f1b424a7e29f6a754c6769b2
q_conv_predelta-8	8	28	128x16x1x1	8192	pos28/q_conv_predelta-8.f32	55ff17df57fec38788e6f8e6398341f7e0881943660297396e85a690b384d412
k_conv_predelta-8	8	28	128x16x1x1	8192	pos28/k_conv_predelta-8.f32	6f1813e10443ddd0129b371f9077beb93ab43faf5ad9b4b3900c7f2e40246426
v_conv_predelta-8	8	28	128x16x1x1	8192	pos28/v_conv_predelta-8.f32	d15cc6169a0aac4828298d1cce9e3fffd46649a1cabcecab329bcc317600619a
a_softplus-8	8	28	16x1x1x1	64	pos28/a_softplus-8.f32	3831c16634c840c374c7cc878bccc6b6366d46ada1a64f55020c81fa5737de75
gate-8	8	28	16x1x1x1	64	pos28/gate-8.f32	7eb6504e2f7dec70319bc39a9e578f57769bb3bd79c4aee50553a517211bb95e
beta_sigmoid-8	8	28	1x16x1x1	64	pos28/beta_sigmoid-8.f32	18809297b459ea1e5ae5ea4f6327032f1081b8218454c9784708a2f6b3ab15f8
state_predelta-8	8	28	128x128x16x1	1048576	pos28/state_predelta-8.f32	60850544336aef9a8f15c024c438c32e12fb814a59a693aafe14f7562894def2
new_state-8	8	28	128x128x16x1	1048576	pos28/new_state-8.f32	a8df405552b4facfd6c6b4efe05e3638ea9d279b3461c18cf457d1d4c166cb8b
attn_output-8	8	28	128x16x1x1	8192	pos28/attn_output-8.f32	340fa9f0f41b3fff8f7d57ce86204cffa4201110a0a49243185026bd8c345af5
z-8	8	28	2048x1x1x1	8192	pos28/z-8.f32	1cf7ec11ace44f90683556f27fa5b28fbc763b366646e25b2c90e943cc3a3e69
final_output-8	8	28	2048x1x1x1	8192	pos28/final_output-8.f32	55465bb8aed23dde1fbec365bf77f5885b91119c67d94e3b37725b71861749a4
linear_attn_out-8	8	28	1024x1x1x1	4096	pos28/linear_attn_out-8.f32	35d0460cded7858ce5895d2fc1b45aca9947ce25bdb3da3191e73fb0289eb45c
attn_residual-8	8	28	1024x1x1x1	4096	pos28/attn_residual-8.f32	43b8f5d0b814eeee317df7f45df72657642529584e696054c523f47c005540cd
attn_post_norm-8	8	28	1024x1x1x1	4096	pos28/attn_post_norm-8.f32	b76b7ef20fea44f60e743af14403e8319668ce06d1860b27d3ec6e3058075e9f
ffn_out-8	8	28	1024x1x1x1	4096	pos28/ffn_out-8.f32	c3ecee0bc8ff762baa76581d352ecb83ccc4efc2f49ad29ad8063fcb176d79d9
l_out-8	8	28	1024x1x1x1	4096	pos28/l_out-8.f32	cd0a92aebf1acd520b04f478b09bb835da01b4d7d424c4db7bf030340250fbd0
attn_norm-9	9	28	1024x1x1x1	4096	pos28/attn_norm-9.f32	6bebd1cfe1646d06796b63284736609776565371ff4c97af1a8460c50d040c9f
conv_output_silu-9	9	28	6144x1x1x1	24576	pos28/conv_output_silu-9.f32	377c433f4b617846345b10c4e789cce2ebbfcb60016bb3388ef05f2d74fae4b6
q_conv_predelta-9	9	28	128x16x1x1	8192	pos28/q_conv_predelta-9.f32	250cbbc629d608ea3e246ee18c8a4efdb6d93537b501113fa1380cfb6f001069
k_conv_predelta-9	9	28	128x16x1x1	8192	pos28/k_conv_predelta-9.f32	8278292e2379a9671f112a3026af821f1e98b7c8271696397b49a25b2a49c73e
v_conv_predelta-9	9	28	128x16x1x1	8192	pos28/v_conv_predelta-9.f32	9f2f03d2081dad73339a166f18e9044e591f2771361aa7bb6ed696815538c722
a_softplus-9	9	28	16x1x1x1	64	pos28/a_softplus-9.f32	1db7185c2f34eb3241a2c383dde07ff2ca9ae823e6366b1324a5d2927ce177fc
gate-9	9	28	16x1x1x1	64	pos28/gate-9.f32	ad57cb1044f5f71a8904593ce12006672d95dacc0418cba6d31bb3ae72aec210
beta_sigmoid-9	9	28	1x16x1x1	64	pos28/beta_sigmoid-9.f32	e132b81774a670748267c3ec40b866ef85554dd52224a7a68f23f9bda3261f61
state_predelta-9	9	28	128x128x16x1	1048576	pos28/state_predelta-9.f32	b9cbbf8b318356130ff12e3dab7ae6de17831aa598d2ca7f11db0f99e6f359a7
new_state-9	9	28	128x128x16x1	1048576	pos28/new_state-9.f32	4f7c74b09e7d8c5f7f5b14c8198b7b38181a8abe1643c00db000857deb934f4d
attn_output-9	9	28	128x16x1x1	8192	pos28/attn_output-9.f32	fcab93ff0bc330758e453c3f88b70d7aa1eedf0f28c218d96924067b541ce1c3
z-9	9	28	2048x1x1x1	8192	pos28/z-9.f32	8b106536ac299243b9ae450ecb76a54aab95de5dae7fa932864fda23375c25d2
final_output-9	9	28	2048x1x1x1	8192	pos28/final_output-9.f32	07c0a379637f03b0964d6165273a60115b0875154f1c8feb58f08d9ce91b4237
linear_attn_out-9	9	28	1024x1x1x1	4096	pos28/linear_attn_out-9.f32	e9e4e0333cce775af7669e5d690895673e5aa6cece3b09922fc3d318ddcc8065
attn_residual-9	9	28	1024x1x1x1	4096	pos28/attn_residual-9.f32	a1a5842434d03d7ae1a10b15454c439d3886b4fb84dfd81b5fa6e29f37b8785d
attn_post_norm-9	9	28	1024x1x1x1	4096	pos28/attn_post_norm-9.f32	02a1a09687f5208b6784948f1a1b7b82b08878109e1a9d3de24ee4950b935278
ffn_out-9	9	28	1024x1x1x1	4096	pos28/ffn_out-9.f32	14a5079a7f37042485ccd2ccb84549436e82354695a28aa7a796fe5b9ffacba4
l_out-9	9	28	1024x1x1x1	4096	pos28/l_out-9.f32	7110d45d22b01c72cfae5b5e673824a83f3186d30b49d4e9e23661d3c14e54bb
attn_norm-10	10	28	1024x1x1x1	4096	pos28/attn_norm-10.f32	5bb8bfd0a04b264e048b8e97cb4ac3505869e81c14dc2795c67f0816e710605d
conv_output_silu-10	10	28	6144x1x1x1	24576	pos28/conv_output_silu-10.f32	896dff1dba3a298528e79676577ebfc870d83ad9b33431e911a9a0497fddec7e
q_conv_predelta-10	10	28	128x16x1x1	8192	pos28/q_conv_predelta-10.f32	a3e546bced357333d2f8c9e74e73bed28c69bd1587626652a303f772dbf7bf72
k_conv_predelta-10	10	28	128x16x1x1	8192	pos28/k_conv_predelta-10.f32	aa524ae63c2aca951f4a4befe704632f5077993229a22f61fc4e367277981f8c
v_conv_predelta-10	10	28	128x16x1x1	8192	pos28/v_conv_predelta-10.f32	e7029a12b95736e47f61b5d763e147c32f1ba6d3d38af0481cdc93dd4fd82228
a_softplus-10	10	28	16x1x1x1	64	pos28/a_softplus-10.f32	9b433137efd87bda6246e32de26715f7bee686d4a0bc568d279eef70af0132b9
gate-10	10	28	16x1x1x1	64	pos28/gate-10.f32	90a655a810ec17de1942c5dae837dea0d99406347a8f238de5b0f96d44bf0e12
beta_sigmoid-10	10	28	1x16x1x1	64	pos28/beta_sigmoid-10.f32	39933014d1f2ae20a953ea735b052ef89f51c7a46083ffead3cd5dcb5b69dacc
state_predelta-10	10	28	128x128x16x1	1048576	pos28/state_predelta-10.f32	1a8514f20f786d446637c3aa3217fde9ab6fa148eacd09b7202b21aefdd4f7fd
new_state-10	10	28	128x128x16x1	1048576	pos28/new_state-10.f32	dfbd745feb5d6cd4e8d39e870934e883e6c5f6eddf09c2c3135f4fd7f360d561
attn_output-10	10	28	128x16x1x1	8192	pos28/attn_output-10.f32	5fd76bd4352225489fc0000a63b69a804d9eb4c7f8984e4637002bd3a3dca497
z-10	10	28	2048x1x1x1	8192	pos28/z-10.f32	2613a8de9495c9267196e95f08666a39a8e2fd43f072dc085f21cb1b2ab98f7c
final_output-10	10	28	2048x1x1x1	8192	pos28/final_output-10.f32	078e24a722ff600e3953ecc16281cf2d792530bc4a915ebd083e8823bbb833b5
linear_attn_out-10	10	28	1024x1x1x1	4096	pos28/linear_attn_out-10.f32	0cc355de027e09fe4bdc11c7a82d14d987ffd55cc6696cd030eda4babc833cab
attn_residual-10	10	28	1024x1x1x1	4096	pos28/attn_residual-10.f32	49bc541621f899197ba302c77c70029808558ee20ef909b341f6094f91ecf67a
attn_post_norm-10	10	28	1024x1x1x1	4096	pos28/attn_post_norm-10.f32	95635234acc746c0e50ab89e6f6c8b19b28c7f6b78a9203848965f16dab4ed82
ffn_out-10	10	28	1024x1x1x1	4096	pos28/ffn_out-10.f32	a33d360d47dbb5d4967ee27d2c0f82fc92e5d4bd3d5032637297bfc4c34a4638
l_out-10	10	28	1024x1x1x1	4096	pos28/l_out-10.f32	99bcf798137daa6781700ab65e4686d31259623bb2c7db5576a9899f374ca801
attn_norm-11	11	28	1024x1x1x1	4096	pos28/attn_norm-11.f32	9ffb876d2974d6a2d1f9ac2ea2091a1e820122ef26c918e8eba4ab64389d55fb
attn_pregate-11	11	28	2048x1x1x1	8192	pos28/attn_pregate-11.f32	99c38742f5f7ecb6c7ede199d28fa8d2e1ebe0937ad6c1f32dbc1dbec905b482
attn_gated-11	11	28	2048x1x1x1	8192	pos28/attn_gated-11.f32	085e95643dc17b7a2aa335de901323d0fae8645eb0f520020ab7551088d90dc5
attn_output-11	11	28	1024x1x1x1	4096	pos28/attn_output-11.f32	b3b9781a6a205888aba15961d199b614823245921166410985fe1f4be49428d5
attn_residual-11	11	28	1024x1x1x1	4096	pos28/attn_residual-11.f32	c007eba6ceca55ebe732b26dba6f8312182963c5d2ade2297323dcc940e07f5a
attn_post_norm-11	11	28	1024x1x1x1	4096	pos28/attn_post_norm-11.f32	932ce615b38722fb049fd3945b0e0b930d3b47a49f6dc4cf1dac576d82599ac2
ffn_out-11	11	28	1024x1x1x1	4096	pos28/ffn_out-11.f32	ddfc904d01ee4c8dabe65d57205711748b68f8bee8d723bf25bb375bab24cd40
l_out-11	11	28	1024x1x1x1	4096	pos28/l_out-11.f32	dee210950c14d8e85aade02076307963fd821539394d33796df9f2611acb9f5b
attn_norm-12	12	28	1024x1x1x1	4096	pos28/attn_norm-12.f32	a3fc5a50cd590b9ed9944cf32a69e0aadc09be58940f5d13d39fb96aa02d1175
conv_output_silu-12	12	28	6144x1x1x1	24576	pos28/conv_output_silu-12.f32	d841d32429403cd182e7aac867fe432c7db5f8152351f2e5df6f0dd86da924ca
q_conv_predelta-12	12	28	128x16x1x1	8192	pos28/q_conv_predelta-12.f32	b6d7d3cd5632f81284ed7fb2f4828ce6caee6d7705a49f0edab474ea1db27a02
k_conv_predelta-12	12	28	128x16x1x1	8192	pos28/k_conv_predelta-12.f32	8886e2ba851499bd30408228db1b9848ca92c37fab2702810c75266be9a8e5f9
v_conv_predelta-12	12	28	128x16x1x1	8192	pos28/v_conv_predelta-12.f32	e9320b9cfb91996e08348fd4bd1de41fe72d16a082520c1b8bd2765d786a1fb6
a_softplus-12	12	28	16x1x1x1	64	pos28/a_softplus-12.f32	5a2ba0cbcc4635574540dc2ec7c9b38823baf8ea373bbf373da66f17c7f2b172
gate-12	12	28	16x1x1x1	64	pos28/gate-12.f32	09234cafab0863691a3f5fad9b8886959fe2d404bd60ed68615607f9607d71fd
beta_sigmoid-12	12	28	1x16x1x1	64	pos28/beta_sigmoid-12.f32	ca86e87d89d5ef328cc91a7acd149cdb75e66e56c73f413287fd2069664aea91
state_predelta-12	12	28	128x128x16x1	1048576	pos28/state_predelta-12.f32	eda56cf9f5854ef805980a81e1db56cafe7b126b1f3e35b9336f60454923cbdc
new_state-12	12	28	128x128x16x1	1048576	pos28/new_state-12.f32	781acb91c28b8e613c6ed9c99d93b3202f0eb18a394492b79f03f10cd8560926
attn_output-12	12	28	128x16x1x1	8192	pos28/attn_output-12.f32	ebbcc7de7f222d0ed5b89c38a72b273acb787b0999944146244527a9a0c41307
z-12	12	28	2048x1x1x1	8192	pos28/z-12.f32	9a793af38fbbffeffca58e35f6df6c1cce9580dd56ab0b0612e5b36cadaa4118
final_output-12	12	28	2048x1x1x1	8192	pos28/final_output-12.f32	7908544e27c29ec4573bf0d7e60b3d42103384cba6a924483bf26f5d62f44a6b
linear_attn_out-12	12	28	1024x1x1x1	4096	pos28/linear_attn_out-12.f32	f5714d5421c4248b745a7ea6a155fc753b750a0756f31edebc32beb4f17aedc0
attn_residual-12	12	28	1024x1x1x1	4096	pos28/attn_residual-12.f32	57059c3a4140de3679c4fc99e903f911e3f8e3d73e99279c0ca6699266f47b3f
attn_post_norm-12	12	28	1024x1x1x1	4096	pos28/attn_post_norm-12.f32	889a9f7b4c0a7a04bc67c36d5803881329aeb0f2cc6567a4d4dc629ca570e202
ffn_out-12	12	28	1024x1x1x1	4096	pos28/ffn_out-12.f32	3c6a3471307f6a4c97ad7c210deff717061c47ea26651a16413c5e8f60d9958f
l_out-12	12	28	1024x1x1x1	4096	pos28/l_out-12.f32	a344bdfba7b9b3c10f61e610e069e72fb919fa3c4b17ada0291aaa24e66b28f9
attn_norm-13	13	28	1024x1x1x1	4096	pos28/attn_norm-13.f32	b34e1e1eb780d4cf60ae4d0435bf60796fa73ad34ae892ef4aeac7ce115133ed
conv_output_silu-13	13	28	6144x1x1x1	24576	pos28/conv_output_silu-13.f32	49edfe23184f6aea65e264b9efc12d036a8f8db504e38e630d0ca91f82da475c
q_conv_predelta-13	13	28	128x16x1x1	8192	pos28/q_conv_predelta-13.f32	e9de5aebbb579f919b37be63c45294ca31c52b71a2e2ea4d28730675f09b8f09
k_conv_predelta-13	13	28	128x16x1x1	8192	pos28/k_conv_predelta-13.f32	90439a8023d494cce43b1483fa7f8417bf8d7592bb961b7f6d4c4044a4a07765
v_conv_predelta-13	13	28	128x16x1x1	8192	pos28/v_conv_predelta-13.f32	dbda7a2481231575d5c8bda7f50c92307db8044c43afc7f25d0d66cbdce6d590
a_softplus-13	13	28	16x1x1x1	64	pos28/a_softplus-13.f32	e68d962a37a51ea70c4d11eae4d8cac06fca4facde28d379b468adecb7acfda7
gate-13	13	28	16x1x1x1	64	pos28/gate-13.f32	ef7980f28ba59244e37f2e66d2f5c34051d7b1ff687b65c661b0b5865e15b24e
beta_sigmoid-13	13	28	1x16x1x1	64	pos28/beta_sigmoid-13.f32	f9c39631bda9faafcfa7b97d5b949f2a3a53adaa709b7ad97f2ae8743f8fb5ef
state_predelta-13	13	28	128x128x16x1	1048576	pos28/state_predelta-13.f32	82455edec2d455a18769d392c20bbdec9ef57a35fbdf944d58bdbe98d6a8769b
new_state-13	13	28	128x128x16x1	1048576	pos28/new_state-13.f32	7906f4f945a71aa12fd715bac2504c9a546649ee3ca3b6e1e1ec7d2d82af13a7
attn_output-13	13	28	128x16x1x1	8192	pos28/attn_output-13.f32	21366e9d667fe3f9e9336c86755712a3b15a4e2476a02902987e8b937c983161
z-13	13	28	2048x1x1x1	8192	pos28/z-13.f32	f5a7ff9e4f4dab41c26fae441461c08e5b812e1ba3d098cc899ef79bbb0f2cfd
final_output-13	13	28	2048x1x1x1	8192	pos28/final_output-13.f32	79ffea806ed0fa50f4594c6ac6b6b4eaed36d6cb795ef60e4857db753c9ef437
linear_attn_out-13	13	28	1024x1x1x1	4096	pos28/linear_attn_out-13.f32	799d50f7eea7fe43c6ca11195971ce09340de54379d97af7836aaf5f5547ce10
attn_residual-13	13	28	1024x1x1x1	4096	pos28/attn_residual-13.f32	b824b35b43077b07e150bb8c3ebe263aa71cd0b2a66d417e088c9eebf2408f9e
attn_post_norm-13	13	28	1024x1x1x1	4096	pos28/attn_post_norm-13.f32	bcf2796221002415baedf58acaf8cab6c13fa458b89669173a681997ab47513d
ffn_out-13	13	28	1024x1x1x1	4096	pos28/ffn_out-13.f32	f8fcb57e8bd20044b75561e89d7086cd24d45ccd4bb3899f612b568ae67a0f52
l_out-13	13	28	1024x1x1x1	4096	pos28/l_out-13.f32	4d45e9dfdaf9ef06667755973ebd1b5a347909e3ed63df5398543b07bd61c14d
attn_norm-14	14	28	1024x1x1x1	4096	pos28/attn_norm-14.f32	ee862670fc2599fe16f63a48623b0b512ecaba502498620f786d94c73e89b0ec
conv_output_silu-14	14	28	6144x1x1x1	24576	pos28/conv_output_silu-14.f32	dab0c3a34317fbdac92d62eb551f4f824dcc0aab550a40c062b9d6e2a6c1f931
q_conv_predelta-14	14	28	128x16x1x1	8192	pos28/q_conv_predelta-14.f32	2780d5220218a730aec7825e832986db57ed427cbc76cf6a6ae089dadd080292
k_conv_predelta-14	14	28	128x16x1x1	8192	pos28/k_conv_predelta-14.f32	84c2e9e14912eb6c7973d8fb54bb1594fb290dd319bc222a161551ac8d9b247c
v_conv_predelta-14	14	28	128x16x1x1	8192	pos28/v_conv_predelta-14.f32	210131b646a92f5a3ad8a8bdb94f28f71b13949c0183c9ba0fada9873fb1caa5
a_softplus-14	14	28	16x1x1x1	64	pos28/a_softplus-14.f32	0333d79718a5a18722901c9472c8366e987aa6205b1dd8ed4480898a59c7a3cd
gate-14	14	28	16x1x1x1	64	pos28/gate-14.f32	e524407fb56e3cb0d853a26a21662bcd8da7e0d6b39620c0f2ff09eba246e825
beta_sigmoid-14	14	28	1x16x1x1	64	pos28/beta_sigmoid-14.f32	8d73d4656d0f41b0a4d48c0fa9e91f0dba6495f4149127cd281ba77bc78864f8
state_predelta-14	14	28	128x128x16x1	1048576	pos28/state_predelta-14.f32	4cbe59d12847b069bbef6934e507e72a2bc2917e603d35b0f3293a4cbc62837c
new_state-14	14	28	128x128x16x1	1048576	pos28/new_state-14.f32	ba24e4ef0b33c2d69a26ff667052b42e814e851b7e961ba46ed8e5d62960bfd4
attn_output-14	14	28	128x16x1x1	8192	pos28/attn_output-14.f32	9b3835ba5049f7de2940b523e16f4a4bc8973bdefe89f4d74aaa25330156dd19
z-14	14	28	2048x1x1x1	8192	pos28/z-14.f32	7b23fb528cfe5eed08bef56be34afef806c1440ed5d64d1829edb0ac017a9985
final_output-14	14	28	2048x1x1x1	8192	pos28/final_output-14.f32	e66864d2bced1bc24e1f06f9ca62a2b3d39d938216efcf671affeffb3f9164ab
linear_attn_out-14	14	28	1024x1x1x1	4096	pos28/linear_attn_out-14.f32	0d1ce72ff53f7c596c502b2c28cd383e309787f8dbfab062019f1a489123100c
attn_residual-14	14	28	1024x1x1x1	4096	pos28/attn_residual-14.f32	1ceb709cc735ffdbc33e8a7945e130031978d96538325a0e94fa98e46b395760
attn_post_norm-14	14	28	1024x1x1x1	4096	pos28/attn_post_norm-14.f32	be735fa279fa59a3cee758e0907c55ccfcee53862f6a921cbd7bbbbec38c0240
ffn_out-14	14	28	1024x1x1x1	4096	pos28/ffn_out-14.f32	3478b26422b7e13a75ce6b691f763e6d2c35c264a84fad64bbff7e3ae4454e29
l_out-14	14	28	1024x1x1x1	4096	pos28/l_out-14.f32	d6961079b1c190b713d42e17cc246fed857f6c732509980ec94ad348fa906ab7
attn_norm-15	15	28	1024x1x1x1	4096	pos28/attn_norm-15.f32	415aeb6fc255d23f7655f68d10b578aa4b572a1cc60b30873cfee5543051a84b
attn_pregate-15	15	28	2048x1x1x1	8192	pos28/attn_pregate-15.f32	e2f7e0df086317c6f583cc69985813772cb2b816d9c4f095cca73da01b361a7c
attn_gated-15	15	28	2048x1x1x1	8192	pos28/attn_gated-15.f32	79097829cc287811e7d5f6ca4a0057b96f1ed15ad4e9dcf92f4357217258dcd8
attn_output-15	15	28	1024x1x1x1	4096	pos28/attn_output-15.f32	f1dc64ffaef023ae1a0255aad83029502bc8aba3ab8dbb4954ab4f2f681029cd
attn_residual-15	15	28	1024x1x1x1	4096	pos28/attn_residual-15.f32	a640da46c1491c1e78d11b0d4bbb16806ee06bcb89d6355b95047a95c3d265c8
attn_post_norm-15	15	28	1024x1x1x1	4096	pos28/attn_post_norm-15.f32	64645e6349e1aae7c060f7bfc95badf6c5ac85279f38cb26209b2c569c3ef81b
ffn_out-15	15	28	1024x1x1x1	4096	pos28/ffn_out-15.f32	6eacf7cf50181932d475abd92f522bb4ea674c50dd1f96143363a1e0c305c19e
l_out-15	15	28	1024x1x1x1	4096	pos28/l_out-15.f32	db95c94c9480e79f529c16b72123b9afd8fde14b991ddc9e2c6678801f48feba
attn_norm-16	16	28	1024x1x1x1	4096	pos28/attn_norm-16.f32	b4fe2574157646c21df3e6353ba79544a338d187e7bff242320e37956d2fa148
conv_output_silu-16	16	28	6144x1x1x1	24576	pos28/conv_output_silu-16.f32	645c20ceea0e65b12ff5dd47637d97bf4ac1b513ac1b71976ff66b25b8d53161
q_conv_predelta-16	16	28	128x16x1x1	8192	pos28/q_conv_predelta-16.f32	244a4cfc14509d351be723ca1c4f982fdaddf1faa5856dba90c857d0bd2f4589
k_conv_predelta-16	16	28	128x16x1x1	8192	pos28/k_conv_predelta-16.f32	caaeacfbe7e92204d2aeea088f6038650948c9a090acc969125090d1d89fcff6
v_conv_predelta-16	16	28	128x16x1x1	8192	pos28/v_conv_predelta-16.f32	ee400bd87676348318009614318b5b67684e8d52b5decf4a29f5cd676e16de92
a_softplus-16	16	28	16x1x1x1	64	pos28/a_softplus-16.f32	c854ec17d164a7b4b7257c66177955823f4b1e8ef88eb87ff0a5c757b9ccbc14
gate-16	16	28	16x1x1x1	64	pos28/gate-16.f32	ed23d65666fbdd46fcbe6ba5f2e7ebd17a3188be619d4f9d8f2a7832a0f58c4a
beta_sigmoid-16	16	28	1x16x1x1	64	pos28/beta_sigmoid-16.f32	91364162ce60a1ae093a8873662b07c48d62c45b004991ba66aa4627736e8c9f
state_predelta-16	16	28	128x128x16x1	1048576	pos28/state_predelta-16.f32	23cd2fd005d2642871fa77f53bea3dfc4afd7a8126dae216da45de207bbdc9d6
new_state-16	16	28	128x128x16x1	1048576	pos28/new_state-16.f32	e0481d09365b783e3b0a4816e12c0e5895fb53c3cd7ed7634817c55a2152920f
attn_output-16	16	28	128x16x1x1	8192	pos28/attn_output-16.f32	3ff5dbe97f1ba7b470f18e0fe280e29cc6e7f5837cd7c1ef76b1b33b6a7d8a2e
z-16	16	28	2048x1x1x1	8192	pos28/z-16.f32	b7fcabb6cc1c3f5aed2ec47c4da81904ed89d64faeb6baabecc457c4b1eeb956
final_output-16	16	28	2048x1x1x1	8192	pos28/final_output-16.f32	411f116e9fb748140890a8f5022107baf2526328fc8cb51e45cc88558434fd9f
linear_attn_out-16	16	28	1024x1x1x1	4096	pos28/linear_attn_out-16.f32	27ca105c626e1a55e6ec1ac01cb849169be7523afebbc7809ead5d46054bce1f
attn_residual-16	16	28	1024x1x1x1	4096	pos28/attn_residual-16.f32	4dea1163cbfe3a2cabd81ba49f6965a520c668012103c59e1187c20bdc80589a
attn_post_norm-16	16	28	1024x1x1x1	4096	pos28/attn_post_norm-16.f32	a6d0378d77e9902934afdfb7d1d36a94367d50ac741642ec9b9d321337ef3e95
ffn_out-16	16	28	1024x1x1x1	4096	pos28/ffn_out-16.f32	6f4de4045017a03c3493dfe4babf9b276ded04de794a7f9b9c5ad91bfab12049
l_out-16	16	28	1024x1x1x1	4096	pos28/l_out-16.f32	adccac898605c866f18ea777045374dd753dd848f49ec481f6b69cf19729cd12
attn_norm-17	17	28	1024x1x1x1	4096	pos28/attn_norm-17.f32	02b8292b731ce2f7f52d7cc9baddc92b1893ffc60037670de544e0fb6f0c8146
conv_output_silu-17	17	28	6144x1x1x1	24576	pos28/conv_output_silu-17.f32	ff19e55a958e44fa3f66bbf474c7df2020e4350cfbc83906b91d9e8024e24d4e
q_conv_predelta-17	17	28	128x16x1x1	8192	pos28/q_conv_predelta-17.f32	2df74dcbfcdec292c33e5ff093a670c914ffb29b62438f7c7c149c870e1fa421
k_conv_predelta-17	17	28	128x16x1x1	8192	pos28/k_conv_predelta-17.f32	d6170fb4c5b097ed1326a89c096f14f311b2ff9386ad86f6038a4405387d699e
v_conv_predelta-17	17	28	128x16x1x1	8192	pos28/v_conv_predelta-17.f32	b523f689beecb27233e36db19496d7ff3e89dfa6a0045a6c26ef7af9b28acf58
a_softplus-17	17	28	16x1x1x1	64	pos28/a_softplus-17.f32	7957d2f104f22de1c4b6506a2bb34ed75e7c9b9c6a7cb3e165ce301cf069badf
gate-17	17	28	16x1x1x1	64	pos28/gate-17.f32	4ca0e1aebea31db37d8d51f480bc866231c52b3a01ebf7bfc49cd68e7f3effe6
beta_sigmoid-17	17	28	1x16x1x1	64	pos28/beta_sigmoid-17.f32	08383498dfb3f965c25227b5e015881b37b2c210f4382b9d02e40d2eb27ac93d
state_predelta-17	17	28	128x128x16x1	1048576	pos28/state_predelta-17.f32	33f71f70d4bc29b03b05f2783d1a829892c16411899e8cb7a77850b501847ec5
new_state-17	17	28	128x128x16x1	1048576	pos28/new_state-17.f32	8a4d88d7c7e1a97f4a1840a8920e68fa163a43a90bebabad255155cca011f86d
attn_output-17	17	28	128x16x1x1	8192	pos28/attn_output-17.f32	5423e276a161c6dc8c5b41451649dca265b141679a610d086adb1874ad6c849d
z-17	17	28	2048x1x1x1	8192	pos28/z-17.f32	2c4ea65429293507b3220d93272c4e4384e1f26a34085311a56ae0cff66461f8
final_output-17	17	28	2048x1x1x1	8192	pos28/final_output-17.f32	a40dac30c79bd2d7c8bd3ace8d20bc8fbafe1b6f598e8fac4d7735b812627629
linear_attn_out-17	17	28	1024x1x1x1	4096	pos28/linear_attn_out-17.f32	4fa19f7623b8ebd7039ce72dcb57aab1d426d118fa2dcc869ad9c913e9e9ae02
attn_residual-17	17	28	1024x1x1x1	4096	pos28/attn_residual-17.f32	4fb9b458d670c7433dfcef1ab9c744a7ea9e5dce6c0ea65a63044f167d50c3bd
attn_post_norm-17	17	28	1024x1x1x1	4096	pos28/attn_post_norm-17.f32	8228dc894b12288a710da5d288faacdb5b129dee7a783a825efa5cad92435775
ffn_out-17	17	28	1024x1x1x1	4096	pos28/ffn_out-17.f32	4e3b7f95ee91e7a6368b8fb7c26e0fd41a0593b35bab9e58eb63d3c2347ea625
l_out-17	17	28	1024x1x1x1	4096	pos28/l_out-17.f32	bf813e54710211818c216c480fedbb317551bd1d2d9228bbeb9f15dba866c3eb
attn_norm-18	18	28	1024x1x1x1	4096	pos28/attn_norm-18.f32	0d3d6d50a57d89b1171430d120be22c67854981058df4b95bfdaa7c7532c06a9
conv_output_silu-18	18	28	6144x1x1x1	24576	pos28/conv_output_silu-18.f32	91fab02f2edeac579ee823841f7e996da54280007ff3f99e849257304360f027
q_conv_predelta-18	18	28	128x16x1x1	8192	pos28/q_conv_predelta-18.f32	410a862876c1666b515f82906f9c9d849814101556060b5afd8ec31b557d0265
k_conv_predelta-18	18	28	128x16x1x1	8192	pos28/k_conv_predelta-18.f32	4cd99cf49f478377a195d2410b2ca99623ea94cd5e2c3e1e7ccb8dda4eabe0bb
v_conv_predelta-18	18	28	128x16x1x1	8192	pos28/v_conv_predelta-18.f32	0ed6fec87346285bf35e4b03ab67369d628ea2124c03776691977f6c3bc6e043
a_softplus-18	18	28	16x1x1x1	64	pos28/a_softplus-18.f32	6769831a1fea2fb675bcd0312860aea2fc94076d9a0d4eef51e65740aabf544e
gate-18	18	28	16x1x1x1	64	pos28/gate-18.f32	ab7afb95f3a345d3ba64890626fd03856fe3dadf7c654a7a956ec4ebe74d4bfc
beta_sigmoid-18	18	28	1x16x1x1	64	pos28/beta_sigmoid-18.f32	7cc495202e452a86390c87fcfff93c0af629e70af65e584cbf30bc671ef36642
state_predelta-18	18	28	128x128x16x1	1048576	pos28/state_predelta-18.f32	b3d7919dbaf0a87d522008669f3aaeb36d6e0d0076b7f66cfe8d325508a2c0da
new_state-18	18	28	128x128x16x1	1048576	pos28/new_state-18.f32	4a22fd1cc616e1dbc3920f60e37724510f6f313713d70299812a87658fe47cd1
attn_output-18	18	28	128x16x1x1	8192	pos28/attn_output-18.f32	6090c6cd51166f1065c36e837cdee3407a20f3a095ada6a3ed88b1419bd2ad18
z-18	18	28	2048x1x1x1	8192	pos28/z-18.f32	d5184b6178fcba5e485d4565d3231067626a87e300e1d6e30af72b7eae8c48f2
final_output-18	18	28	2048x1x1x1	8192	pos28/final_output-18.f32	3b217c83feb1656e6f4399753cc0a82fdec0df9cc7f30620cf68b38cd94b7871
linear_attn_out-18	18	28	1024x1x1x1	4096	pos28/linear_attn_out-18.f32	36b7735797d44f8a407644e879a8154467647f66503ac5c485a667be443dc6e9
attn_residual-18	18	28	1024x1x1x1	4096	pos28/attn_residual-18.f32	03655f3b77836479aca51df2e5452505101e9cbb1ae7207337083cd1badc63bd
attn_post_norm-18	18	28	1024x1x1x1	4096	pos28/attn_post_norm-18.f32	4a7a0d4dd8017a1bd4601557b5594b87c420c47d4edee1963ee144347f886972
ffn_out-18	18	28	1024x1x1x1	4096	pos28/ffn_out-18.f32	be0ffd70662578815cea44a1f589dca2b0fa0f9641e53ebbd3a5f3da7765972c
l_out-18	18	28	1024x1x1x1	4096	pos28/l_out-18.f32	3dcc0d75e14e7c96d4f9c1153add99f4a30de3d89eb2124112199efbb3156e7c
attn_norm-19	19	28	1024x1x1x1	4096	pos28/attn_norm-19.f32	e767c089d40d6b37c733da4dda83f1de1f65d32ad51f27968022b53173b086d8
attn_pregate-19	19	28	2048x1x1x1	8192	pos28/attn_pregate-19.f32	cb30e2bac53da59f79656c3711e198d2c5f71cca854fdc451dd5f0ad9241db99
attn_gated-19	19	28	2048x1x1x1	8192	pos28/attn_gated-19.f32	5c5c4e3f2c44c5efb1f06f962393dd6f560d870a11bde42249056ad02c3dbea4
attn_output-19	19	28	1024x1x1x1	4096	pos28/attn_output-19.f32	1be4e010f4f362eeebea8157894dc884c4393632dbd031b67b521cc438d807f3
attn_residual-19	19	28	1024x1x1x1	4096	pos28/attn_residual-19.f32	07a6ab6ba39253559f2eff1ae869ed9b6260fac0f39185a36ce24bf9d374a398
attn_post_norm-19	19	28	1024x1x1x1	4096	pos28/attn_post_norm-19.f32	8613c1e684231abc850ab53ce11681ac8e1430938815d1a9c61e061eac8d329d
ffn_out-19	19	28	1024x1x1x1	4096	pos28/ffn_out-19.f32	12efa967e927364a401aa349f0085978d1a2e1a4ceae7f5d98e47a381b2d7cd3
l_out-19	19	28	1024x1x1x1	4096	pos28/l_out-19.f32	1924e58098f90f57cb103c36fcf9e5cc031c18ed5c2a24b06c8ca0adf4b7b0ee
attn_norm-20	20	28	1024x1x1x1	4096	pos28/attn_norm-20.f32	60d5fb68c2b5251861a17c4d783b93ee597b0ad805f15ff05e6195dd4145debe
conv_output_silu-20	20	28	6144x1x1x1	24576	pos28/conv_output_silu-20.f32	c8793b4a1c110663c6e46b890e23bd499f2f77880a89d0f97a1432403c65d0a4
q_conv_predelta-20	20	28	128x16x1x1	8192	pos28/q_conv_predelta-20.f32	399147b00dab9aa6111ce24a4ab9d5d6f874eab4dfa779089e370a5c1c0b1f5a
k_conv_predelta-20	20	28	128x16x1x1	8192	pos28/k_conv_predelta-20.f32	4288a65728d8af9f983ee003ffca78d1733c5e489f3d99c003974d1ea40dd735
v_conv_predelta-20	20	28	128x16x1x1	8192	pos28/v_conv_predelta-20.f32	3a751be2e0577404302a1bb45e9348eb0d9914c5141b8d1b9e35f7c17a71ad78
a_softplus-20	20	28	16x1x1x1	64	pos28/a_softplus-20.f32	9a744e366140d0ffbae8607642dc8c2be2acfda3dbf311f16d235ed9554e3089
gate-20	20	28	16x1x1x1	64	pos28/gate-20.f32	ae781cacf943ee2e4d9ddcfec8e67d522ee2f36424b1d8394f4796d466face1a
beta_sigmoid-20	20	28	1x16x1x1	64	pos28/beta_sigmoid-20.f32	9dc6cde8965a8a9a3ff2b3c3db5d576bb717e60f1131faba90aa901f69e5aaa4
state_predelta-20	20	28	128x128x16x1	1048576	pos28/state_predelta-20.f32	f22ec858baec8e16c1f28af09c6857bbe36ebfa6dcd50b08c576b22812d7792d
new_state-20	20	28	128x128x16x1	1048576	pos28/new_state-20.f32	7f573d2a9d593c88142330c7757e6fe32492b22632cd582b738a450852d4c3e8
attn_output-20	20	28	128x16x1x1	8192	pos28/attn_output-20.f32	321e3fde2bc34ebd011c52d05ee97dab6b13e9bbc6e53210a2eb6b3f69cc1393
z-20	20	28	2048x1x1x1	8192	pos28/z-20.f32	82a270c5d8010fcbedc58926133dec6f7bd60a50d84e2c22fadde30d90e9340c
final_output-20	20	28	2048x1x1x1	8192	pos28/final_output-20.f32	7bdef8b4d3563a933d5a5326f00cbe53950697d9936e6e407e59a13b288f4bde
linear_attn_out-20	20	28	1024x1x1x1	4096	pos28/linear_attn_out-20.f32	c253e7dbb40dc0ba0a8439ce9e296b6205a0a2f0c02d1d0b0fcde6e959fce303
attn_residual-20	20	28	1024x1x1x1	4096	pos28/attn_residual-20.f32	ecf1b61c397e19b41dbc3dd85e087943ae455c3c62d870e89ec003888e5ab5a1
attn_post_norm-20	20	28	1024x1x1x1	4096	pos28/attn_post_norm-20.f32	a50602e5f5bb143a005e251757512103e15111ae51150cf4f8a6f4f91654cfa0
ffn_out-20	20	28	1024x1x1x1	4096	pos28/ffn_out-20.f32	4dd0d1257d4905aace2ff66552d4488630b64d4851946464d2c173c7acc18a20
l_out-20	20	28	1024x1x1x1	4096	pos28/l_out-20.f32	1859af4f2724b3bfed0aced1fca4fcf4483037bafae75843966f959881bdf1cd
attn_norm-21	21	28	1024x1x1x1	4096	pos28/attn_norm-21.f32	2ebb6b3f029da7679f0ceafc2fba87ba3c18c7eaccf00a71b7312a3a6ed853e6
conv_output_silu-21	21	28	6144x1x1x1	24576	pos28/conv_output_silu-21.f32	6be00fbc2fbbeb5070b60b08fe412ccfbb66158a48747ef32d7f312433e4201d
q_conv_predelta-21	21	28	128x16x1x1	8192	pos28/q_conv_predelta-21.f32	901ace1663ad69167afd180cb0652e44e6669c0d6bc3147fb163ac28616f6dae
k_conv_predelta-21	21	28	128x16x1x1	8192	pos28/k_conv_predelta-21.f32	f6dd2b2943d0a8d73a2ec10b0629ca5e34a54edc8867d6de22bf404125e10180
v_conv_predelta-21	21	28	128x16x1x1	8192	pos28/v_conv_predelta-21.f32	2f6a9bf15d6622f52d0a936f75d6b1ce3eed75cee761876aab907d49a342ce3a
a_softplus-21	21	28	16x1x1x1	64	pos28/a_softplus-21.f32	55cdfade9c1787a20787b79a1a6581ed3bad21bc1243a46cdf049af7b5e8caf1
gate-21	21	28	16x1x1x1	64	pos28/gate-21.f32	f1d9e7c55140fd96396caa166b724446b78518960ceadde8560c3d9f2fc7129e
beta_sigmoid-21	21	28	1x16x1x1	64	pos28/beta_sigmoid-21.f32	c703de8ad2e7322c6f7c96a1a356ff8e7e7e91f333e98a1a0ed677cf3d530bfb
state_predelta-21	21	28	128x128x16x1	1048576	pos28/state_predelta-21.f32	38361028490ee97b9418486c8d81d040efb1f514b84c6d8c18ef6012c4952b9a
new_state-21	21	28	128x128x16x1	1048576	pos28/new_state-21.f32	376d4fa36cc9c6782558f6a53b23b830529d6ff939e94af5604f7753e4ed5263
attn_output-21	21	28	128x16x1x1	8192	pos28/attn_output-21.f32	fc75538dca9772a6ed4a79635789c796d98350f50ec63252231c011f9fc51d16
z-21	21	28	2048x1x1x1	8192	pos28/z-21.f32	25d07520b3da18e5330133ac75312525a5222b080630f82365bd934b555fef13
final_output-21	21	28	2048x1x1x1	8192	pos28/final_output-21.f32	81de54295c7c47f2f7d7cd5fe42f9fe03cd3a987b7f2104f1c1f2aadb5f95c15
linear_attn_out-21	21	28	1024x1x1x1	4096	pos28/linear_attn_out-21.f32	543c49aa7963efa1c01f987a26ea348b19be9afce4a0a2c7e2de123d023af3d0
attn_residual-21	21	28	1024x1x1x1	4096	pos28/attn_residual-21.f32	842fadf1b490fd792bd1d94efdd2937aa3c70b0490da235017c2f036d33fd171
attn_post_norm-21	21	28	1024x1x1x1	4096	pos28/attn_post_norm-21.f32	6b9e0fbc5162dc5bb6d19c288adebad5e526ad0b4622f74e0438c8a76e8c8bda
ffn_out-21	21	28	1024x1x1x1	4096	pos28/ffn_out-21.f32	b8fc12f9b1998d40e246d586c4ab00299d8ea5c12186ff88f5640a7648065883
l_out-21	21	28	1024x1x1x1	4096	pos28/l_out-21.f32	ca3268dfe601c7a615b1bedd3f04f3d8af02ea65a3cf0ee862b7d024052edde9
attn_norm-22	22	28	1024x1x1x1	4096	pos28/attn_norm-22.f32	193313f796eea31f7c2983ca3cafe7bc3ce9ade51fb57f1ec39d4cb040bf9e54
conv_output_silu-22	22	28	6144x1x1x1	24576	pos28/conv_output_silu-22.f32	f5d6470a5a43325651ccb844451852b5324e2e91202f3829b471258ab5dd072e
q_conv_predelta-22	22	28	128x16x1x1	8192	pos28/q_conv_predelta-22.f32	1e430a6fda71a8d1518686803d893775f1fbd35286c6c8ed0da39d429ed7a30d
k_conv_predelta-22	22	28	128x16x1x1	8192	pos28/k_conv_predelta-22.f32	b0e6442a50fefc4cc9eb5eb8e496dac4f37c2c7333b94e1d1a8e9c922d05e57b
v_conv_predelta-22	22	28	128x16x1x1	8192	pos28/v_conv_predelta-22.f32	10e95c8f06ada98b1bf36ce7d784bc237da9da40cc3b3dcf5c11d6d703b5d448
a_softplus-22	22	28	16x1x1x1	64	pos28/a_softplus-22.f32	ec1bd1a1f43e2854de9d1992ca0975a079a6f9198e9aae604e7edc8165f118ec
gate-22	22	28	16x1x1x1	64	pos28/gate-22.f32	745cf5bc682c6978ad81b470d6c8ef05880862f0cca481141d9502cb11ef9b69
beta_sigmoid-22	22	28	1x16x1x1	64	pos28/beta_sigmoid-22.f32	4615e0bf8ed39ec30f84fd0f28ac82a0d4f0cd042610d616fce53993e51c25e7
state_predelta-22	22	28	128x128x16x1	1048576	pos28/state_predelta-22.f32	0f528823cc7995770c14f9fd453c115ac4079f60f137f3c6ed4441bb7e5ba3ff
new_state-22	22	28	128x128x16x1	1048576	pos28/new_state-22.f32	5a1ec3d6a989fb8769cfa81c5c1272199d753538dca9a8b97279f781e06cc240
attn_output-22	22	28	128x16x1x1	8192	pos28/attn_output-22.f32	4bfe2fee733962af636b64765c38e38bfb0dc0d2dc842ad91e18a312045cdda2
z-22	22	28	2048x1x1x1	8192	pos28/z-22.f32	3875f837f4ca197113e2629e88d16eb4cea6728d7cb907ed5b94c9e156433f43
final_output-22	22	28	2048x1x1x1	8192	pos28/final_output-22.f32	797f4c9a2ffda6f4bfa70ace3cdaa6993dbd563d00aab4f33de92f6fe9d35079
linear_attn_out-22	22	28	1024x1x1x1	4096	pos28/linear_attn_out-22.f32	5dae1010a2ea78c3cf29184c619a9bb841e0064b85456a28d0f93e602d132dc0
attn_residual-22	22	28	1024x1x1x1	4096	pos28/attn_residual-22.f32	dfd9796266aa018b7daf066475d4eb5c8ae99579ff8e91154452cfedfa78c4f3
attn_post_norm-22	22	28	1024x1x1x1	4096	pos28/attn_post_norm-22.f32	edafe3f5a370cc3855b0ec519497c6d6c873d1597d5aa34862e43005b1e40fd2
ffn_out-22	22	28	1024x1x1x1	4096	pos28/ffn_out-22.f32	889e1850bdc1db50c86e53be8f870c5e5fda68adbfbef7bf3ea7a005481b13a6
l_out-22	22	28	1024x1x1x1	4096	pos28/l_out-22.f32	9119df72a2d6f154784417f61d4c0d732d0d369c9f988ad02cf7c35353e43918
attn_norm-23	23	28	1024x1x1x1	4096	pos28/attn_norm-23.f32	3d50ea7cd5aa86d7c8033008d043e9a4e14479a57a895654db4b9c761313e586
attn_pregate-23	23	28	2048x1x1x1	8192	pos28/attn_pregate-23.f32	86534759fc0facc2e5ee1ef2bb9cdf44347a35cc614a4289a52cfcd9dbf3d5cb
attn_gated-23	23	28	2048x1x1x1	8192	pos28/attn_gated-23.f32	b775d2756138c47b6b4023cdc4326de741f30b84dfe207db777697b9aa525df3
attn_output-23	23	28	1024x1x1x1	4096	pos28/attn_output-23.f32	2e94120bf81c43b996ea7bd806af4374cb2ef189e23b766897bf1e3676371e6a
attn_residual-23	23	28	1024x1x1x1	4096	pos28/attn_residual-23.f32	84f8323669a726997f877554f42ddbe6a7df1cfd5357acecbcf01665ca56a7f8
attn_post_norm-23	23	28	1024x1x1x1	4096	pos28/attn_post_norm-23.f32	f38c753be8236912171c06733f29d6f2d98edfbcd33e8e0d12092a308ba29473
ffn_out-23	23	28	1024x1x1x1	4096	pos28/ffn_out-23.f32	e38d266f31b3c154f67fcac72a5c138d12f3cc3e8335c8a3ec329b9b5bf42a33
l_out-23	23	28	1024x1x1x1	4096	pos28/l_out-23.f32	3f776d0de6435396d545f75799d54e4a2e406c8bc2809c70cb0a57c41da43858
result_norm	-1	28	1024x1x1x1	4096	pos28/result_norm.f32	8598e02817a71d27c47bc63e48dfc482b310aa33423a69ff8f7c72257d4d8d85
result_output	-1	28	248320x1x1x1	993280	pos28/result_output.f32	b71ad0218ec4c7fcce7458789106d58d813f8cfa3665932dfbb61003f575d59b
