label	pos	layer	kernel	qtype	n	K(llama_in)==llama_out_bits	K(apr_in)==apr_out_bits	in_rel_l2	K_out_rel_l2	amplification	out_rel_l2_dumps
p4	0	0	attn_norm->z	Q4_K	2048	2048	2048	0.000e+00	0.000e+00	nan	0.000e+00
p4	0	0	final_output->linear_attn_out	Q5_K	1024	1024	1024	2.482e-07	1.007e-06	4.1	1.007e-06
p4	0	1	attn_norm->z	Q4_K	2048	2048	2048	5.596e-07	2.948e-07	0.5	2.948e-07
p4	0	1	final_output->linear_attn_out	Q5_K	1024	1024	1024	5.184e-07	7.160e-07	1.4	7.160e-07
p4	0	2	attn_norm->z	Q4_K	2048	2048	2048	5.533e-07	2.500e-07	0.5	2.500e-07
p4	0	2	final_output->linear_attn_out	Q5_K	1024	1024	1024	3.410e-07	4.281e-07	1.3	4.281e-07
p4	0	4	attn_norm->z	Q4_K	2048	2048	2048	4.692e-07	1.316e-07	0.3	1.316e-07
p4	0	4	final_output->linear_attn_out	Q5_K	1024	1024	1024	3.191e-07	5.228e-07	1.6	5.228e-07
p4	0	5	attn_norm->z	Q4_K	2048	2048	2048	4.925e-07	1.611e-07	0.3	1.611e-07
p4	0	5	final_output->linear_attn_out	Q5_K	1024	1024	1024	3.712e-07	9.534e-07	2.6	9.534e-07
p4	0	6	attn_norm->z	Q4_K	2048	2048	2048	5.268e-07	1.079e-07	0.2	1.079e-07
p4	0	6	final_output->linear_attn_out	Q5_K	1024	1024	1024	1.903e-07	3.665e-07	1.9	3.665e-07
p4	0	8	attn_norm->z	Q4_K	2048	2048	2048	5.918e-07	7.246e-04	1224.3	7.246e-04
p4	0	8	final_output->linear_attn_out	Q5_K	1024	1024	1024	3.456e-03	1.117e-02	3.2	1.117e-02
p4	0	9	attn_norm->z	Q4_K	2048	2048	2048	1.397e-03	5.012e-03	3.6	5.012e-03
p4	0	9	final_output->linear_attn_out	Q5_K	1024	1024	1024	1.224e-02	1.522e-02	1.2	1.522e-02
p4	0	10	attn_norm->z	Q4_K	2048	2048	2048	2.065e-03	3.619e-03	1.8	3.619e-03
p4	0	10	final_output->linear_attn_out	Q5_K	1024	1024	1024	1.628e-02	2.543e-02	1.6	2.543e-02
p4	0	12	attn_norm->z	Q4_K	2048	2048	2048	2.191e-02	1.367e-02	0.6	1.367e-02
p4	0	12	final_output->linear_attn_out	Q5_K	1024	1024	1024	2.705e-02	3.315e-02	1.2	3.315e-02
p4	0	13	attn_norm->z	Q4_K	2048	2048	2048	2.704e-02	1.926e-02	0.7	1.926e-02
p4	0	13	final_output->linear_attn_out	Q5_K	1024	1024	1024	3.477e-02	4.129e-02	1.2	4.129e-02
p4	0	14	attn_norm->z	Q4_K	2048	2048	2048	2.526e-02	1.617e-02	0.6	1.617e-02
p4	0	14	final_output->linear_attn_out	Q5_K	1024	1024	1024	4.418e-02	5.131e-02	1.2	5.131e-02
p4	0	16	attn_norm->z	Q4_K	2048	2048	2048	3.734e-02	3.150e-02	0.8	3.150e-02
p4	0	16	final_output->linear_attn_out	Q5_K	1024	1024	1024	5.082e-02	7.400e-02	1.5	7.400e-02
p4	0	17	attn_norm->z	Q4_K	2048	2048	2048	3.988e-02	3.387e-02	0.8	3.387e-02
p4	0	17	final_output->linear_attn_out	Q5_K	1024	1024	1024	6.793e-02	8.998e-02	1.3	8.998e-02
p4	0	18	attn_norm->z	Q4_K	2048	2048	2048	4.317e-02	3.419e-02	0.8	3.419e-02
p4	0	18	final_output->linear_attn_out	Q5_K	1024	1024	1024	4.931e-02	4.083e-02	0.8	4.083e-02
p4	0	20	attn_norm->z	Q4_K	2048	2048	2048	4.642e-02	4.124e-02	0.9	4.124e-02
p4	0	20	final_output->linear_attn_out	Q5_K	1024	1024	1024	5.586e-02	6.981e-02	1.2	6.981e-02
p4	0	21	attn_norm->z	Q4_K	2048	2048	2048	5.740e-02	5.698e-02	1.0	5.698e-02
p4	0	21	final_output->linear_attn_out	Q5_K	1024	1024	1024	1.018e-01	1.123e-01	1.1	1.123e-01
p4	0	22	attn_norm->z	Q4_K	2048	2048	2048	7.180e-02	5.398e-02	0.8	5.398e-02
p4	0	22	final_output->linear_attn_out	Q5_K	1024	1024	1024	9.803e-02	1.010e-01	1.0	1.010e-01
p4	1	0	attn_norm->z	Q4_K	2048	2048	2048	0.000e+00	0.000e+00	nan	0.000e+00
p4	1	0	final_output->linear_attn_out	Q5_K	1024	1024	1024	1.651e-07	1.433e-06	8.7	1.433e-06
p4	1	1	attn_norm->z	Q4_K	2048	2048	2048	1.207e-06	4.964e-07	0.4	4.964e-07
p4	1	1	final_output->linear_attn_out	Q5_K	1024	1024	1024	8.410e-07	5.370e-07	0.6	5.370e-07
p4	1	2	attn_norm->z	Q4_K	2048	2048	2048	1.006e-06	1.819e-07	0.2	1.819e-07
p4	1	2	final_output->linear_attn_out	Q5_K	1024	1024	1024	3.074e-07	6.836e-07	2.2	6.836e-07
p4	1	4	attn_norm->z	Q4_K	2048	2048	2048	1.341e-02	1.102e-02	0.8	1.102e-02
p4	1	4	final_output->linear_attn_out	Q5_K	1024	1024	1024	2.451e-02	3.581e-02	1.5	3.581e-02
p4	1	5	attn_norm->z	Q4_K	2048	2048	2048	2.136e-02	1.551e-02	0.7	1.551e-02
p4	1	5	final_output->linear_attn_out	Q5_K	1024	1024	1024	2.514e-02	5.585e-02	2.2	5.585e-02
p4	1	6	attn_norm->z	Q4_K	2048	2048	2048	3.061e-02	1.768e-02	0.6	1.768e-02
p4	1	6	final_output->linear_attn_out	Q5_K	1024	1024	1024	3.944e-02	4.030e-02	1.0	4.030e-02
p4	1	8	attn_norm->z	Q4_K	2048	2048	2048	4.765e-02	2.242e-02	0.5	2.242e-02
p4	1	8	final_output->linear_attn_out	Q5_K	1024	1024	1024	3.529e-02	5.579e-02	1.6	5.579e-02
p4	1	9	attn_norm->z	Q4_K	2048	2048	2048	5.496e-02	2.416e-02	0.4	2.416e-02
p4	1	9	final_output->linear_attn_out	Q5_K	1024	1024	1024	4.807e-02	5.645e-02	1.2	5.645e-02
p4	1	10	attn_norm->z	Q4_K	2048	2048	2048	6.132e-02	2.448e-02	0.4	2.448e-02
p4	1	10	final_output->linear_attn_out	Q5_K	1024	1024	1024	7.224e-02	7.511e-02	1.0	7.511e-02
p4	1	12	attn_norm->z	Q4_K	2048	2048	2048	7.330e-02	2.958e-02	0.4	2.958e-02
p4	1	12	final_output->linear_attn_out	Q5_K	1024	1024	1024	7.389e-02	1.011e-01	1.4	1.011e-01
p4	1	13	attn_norm->z	Q4_K	2048	2048	2048	7.836e-02	4.457e-02	0.6	4.457e-02
p4	1	13	final_output->linear_attn_out	Q5_K	1024	1024	1024	9.653e-02	1.009e-01	1.0	1.009e-01
p4	1	14	attn_norm->z	Q4_K	2048	2048	2048	8.212e-02	4.371e-02	0.5	4.371e-02
p4	1	14	final_output->linear_attn_out	Q5_K	1024	1024	1024	7.552e-02	9.955e-02	1.3	9.955e-02
p4	1	16	attn_norm->z	Q4_K	2048	2048	2048	7.971e-02	5.284e-02	0.7	5.284e-02
p4	1	16	final_output->linear_attn_out	Q5_K	1024	1024	1024	5.435e-02	6.632e-02	1.2	6.632e-02
p4	1	17	attn_norm->z	Q4_K	2048	2048	2048	7.850e-02	5.017e-02	0.6	5.017e-02
p4	1	17	final_output->linear_attn_out	Q5_K	1024	1024	1024	8.147e-02	1.193e-01	1.5	1.193e-01
p4	1	18	attn_norm->z	Q4_K	2048	2048	2048	8.410e-02	5.387e-02	0.6	5.387e-02
p4	1	18	final_output->linear_attn_out	Q5_K	1024	1024	1024	9.883e-02	1.150e-01	1.2	1.150e-01
p4	1	20	attn_norm->z	Q4_K	2048	2048	2048	1.005e-01	6.398e-02	0.6	6.398e-02
p4	1	20	final_output->linear_attn_out	Q5_K	1024	1024	1024	1.154e-01	1.197e-01	1.0	1.197e-01
p4	1	21	attn_norm->z	Q4_K	2048	2048	2048	1.101e-01	8.822e-02	0.8	8.822e-02
p4	1	21	final_output->linear_attn_out	Q5_K	1024	1024	1024	1.506e-01	1.727e-01	1.1	1.727e-01
p4	1	22	attn_norm->z	Q4_K	2048	2048	2048	1.395e-01	8.734e-02	0.6	8.734e-02
p4	1	22	final_output->linear_attn_out	Q5_K	1024	1024	1024	1.377e-01	1.573e-01	1.1	1.573e-01
p4	2	0	attn_norm->z	Q4_K	2048	2048	2048	0.000e+00	0.000e+00	nan	0.000e+00
p4	2	0	final_output->linear_attn_out	Q5_K	1024	1024	1024	1.814e-07	8.656e-07	4.8	8.656e-07
p4	2	1	attn_norm->z	Q4_K	2048	2048	2048	8.792e-07	2.348e-07	0.3	2.348e-07
p4	2	1	final_output->linear_attn_out	Q5_K	1024	1024	1024	5.219e-07	5.961e-07	1.1	5.961e-07
p4	2	2	attn_norm->z	Q4_K	2048	2048	2048	7.374e-07	1.723e-07	0.2	1.723e-07
p4	2	2	final_output->linear_attn_out	Q5_K	1024	1024	1024	3.403e-07	4.880e-07	1.4	4.880e-07
p4	2	4	attn_norm->z	Q4_K	2048	2048	2048	1.011e-02	9.789e-03	1.0	9.789e-03
p4	2	4	final_output->linear_attn_out	Q5_K	1024	1024	1024	2.207e-02	3.697e-02	1.7	3.697e-02
p4	2	5	attn_norm->z	Q4_K	2048	2048	2048	1.918e-02	1.629e-02	0.8	1.629e-02
p4	2	5	final_output->linear_attn_out	Q5_K	1024	1024	1024	3.850e-02	4.473e-02	1.2	4.473e-02
p4	2	6	attn_norm->z	Q4_K	2048	2048	2048	2.645e-02	1.621e-02	0.6	1.621e-02
p4	2	6	final_output->linear_attn_out	Q5_K	1024	1024	1024	4.529e-02	4.729e-02	1.0	4.729e-02
p4	2	8	attn_norm->z	Q4_K	2048	2048	2048	3.965e-02	1.851e-02	0.5	1.851e-02
p4	2	8	final_output->linear_attn_out	Q5_K	1024	1024	1024	4.095e-02	6.869e-02	1.7	6.869e-02
p4	2	9	attn_norm->z	Q4_K	2048	2048	2048	4.582e-02	2.119e-02	0.5	2.119e-02
p4	2	9	final_output->linear_attn_out	Q5_K	1024	1024	1024	6.790e-02	8.117e-02	1.2	8.117e-02
p4	2	10	attn_norm->z	Q4_K	2048	2048	2048	4.885e-02	1.887e-02	0.4	1.887e-02
p4	2	10	final_output->linear_attn_out	Q5_K	1024	1024	1024	7.076e-02	8.818e-02	1.2	8.818e-02
p4	2	12	attn_norm->z	Q4_K	2048	2048	2048	4.987e-02	2.219e-02	0.4	2.219e-02
p4	2	12	final_output->linear_attn_out	Q5_K	1024	1024	1024	5.554e-02	9.692e-02	1.7	9.692e-02
p4	2	13	attn_norm->z	Q4_K	2048	2048	2048	5.577e-02	2.947e-02	0.5	2.947e-02
p4	2	13	final_output->linear_attn_out	Q5_K	1024	1024	1024	8.546e-02	9.787e-02	1.1	9.787e-02
p4	2	14	attn_norm->z	Q4_K	2048	2048	2048	5.960e-02	3.011e-02	0.5	3.011e-02
p4	2	14	final_output->linear_attn_out	Q5_K	1024	1024	1024	6.705e-02	7.967e-02	1.2	7.967e-02
p4	2	16	attn_norm->z	Q4_K	2048	2048	2048	5.752e-02	3.077e-02	0.5	3.077e-02
p4	2	16	final_output->linear_attn_out	Q5_K	1024	1024	1024	7.365e-02	7.601e-02	1.0	7.601e-02
p4	2	17	attn_norm->z	Q4_K	2048	2048	2048	5.321e-02	3.194e-02	0.6	3.194e-02
p4	2	17	final_output->linear_attn_out	Q5_K	1024	1024	1024	7.812e-02	9.749e-02	1.2	9.749e-02
p4	2	18	attn_norm->z	Q4_K	2048	2048	2048	5.584e-02	3.390e-02	0.6	3.390e-02
p4	2	18	final_output->linear_attn_out	Q5_K	1024	1024	1024	7.805e-02	8.549e-02	1.1	8.549e-02
p4	2	20	attn_norm->z	Q4_K	2048	2048	2048	5.991e-02	3.737e-02	0.6	3.737e-02
p4	2	20	final_output->linear_attn_out	Q5_K	1024	1024	1024	7.831e-02	1.025e-01	1.3	1.025e-01
p4	2	21	attn_norm->z	Q4_K	2048	2048	2048	6.776e-02	5.277e-02	0.8	5.277e-02
p4	2	21	final_output->linear_attn_out	Q5_K	1024	1024	1024	1.219e-01	1.412e-01	1.2	1.412e-01
p4	2	22	attn_norm->z	Q4_K	2048	2048	2048	7.882e-02	4.418e-02	0.6	4.418e-02
p4	2	22	final_output->linear_attn_out	Q5_K	1024	1024	1024	1.121e-01	1.369e-01	1.2	1.369e-01
p4	3	0	attn_norm->z	Q4_K	2048	2048	2048	0.000e+00	0.000e+00	nan	0.000e+00
p4	3	0	final_output->linear_attn_out	Q5_K	1024	1024	1024	1.629e-07	5.470e-07	3.4	5.470e-07
p4	3	1	attn_norm->z	Q4_K	2048	2048	2048	2.439e-04	7.944e-04	3.3	7.944e-04
p4	3	1	final_output->linear_attn_out	Q5_K	1024	1024	1024	1.173e-03	4.873e-03	4.2	4.873e-03
p4	3	2	attn_norm->z	Q4_K	2048	2048	2048	1.221e-02	9.451e-03	0.8	9.451e-03
p4	3	2	final_output->linear_attn_out	Q5_K	1024	1024	1024	1.101e-02	2.538e-02	2.3	2.538e-02
p4	3	4	attn_norm->z	Q4_K	2048	2048	2048	4.366e-02	2.389e-02	0.5	2.389e-02
p4	3	4	final_output->linear_attn_out	Q5_K	1024	1024	1024	4.609e-02	6.578e-02	1.4	6.578e-02
p4	3	5	attn_norm->z	Q4_K	2048	2048	2048	5.037e-02	3.024e-02	0.6	3.024e-02
p4	3	5	final_output->linear_attn_out	Q5_K	1024	1024	1024	5.071e-02	6.716e-02	1.3	6.716e-02
p4	3	6	attn_norm->z	Q4_K	2048	2048	2048	5.499e-02	2.768e-02	0.5	2.768e-02
p4	3	6	final_output->linear_attn_out	Q5_K	1024	1024	1024	5.569e-02	6.482e-02	1.2	6.482e-02
p4	3	8	attn_norm->z	Q4_K	2048	2048	2048	6.871e-02	2.970e-02	0.4	2.970e-02
p4	3	8	final_output->linear_attn_out	Q5_K	1024	1024	1024	9.727e-02	1.022e-01	1.1	1.022e-01
p4	3	9	attn_norm->z	Q4_K	2048	2048	2048	7.022e-02	3.538e-02	0.5	3.538e-02
p4	3	9	final_output->linear_attn_out	Q5_K	1024	1024	1024	7.292e-02	9.052e-02	1.2	9.052e-02
p4	3	10	attn_norm->z	Q4_K	2048	2048	2048	7.110e-02	3.045e-02	0.4	3.045e-02
p4	3	10	final_output->linear_attn_out	Q5_K	1024	1024	1024	8.058e-02	9.023e-02	1.1	9.023e-02
p4	3	12	attn_norm->z	Q4_K	2048	2048	2048	7.460e-02	3.379e-02	0.5	3.379e-02
p4	3	12	final_output->linear_attn_out	Q5_K	1024	1024	1024	9.445e-02	1.070e-01	1.1	1.070e-01
p4	3	13	attn_norm->z	Q4_K	2048	2048	2048	7.712e-02	4.399e-02	0.6	4.399e-02
p4	3	13	final_output->linear_attn_out	Q5_K	1024	1024	1024	9.266e-02	8.803e-02	1.0	8.803e-02
p4	3	14	attn_norm->z	Q4_K	2048	2048	2048	7.130e-02	2.877e-02	0.4	2.877e-02
p4	3	14	final_output->linear_attn_out	Q5_K	1024	1024	1024	6.668e-02	7.124e-02	1.1	7.124e-02
p4	3	16	attn_norm->z	Q4_K	2048	2048	2048	7.084e-02	3.789e-02	0.5	3.789e-02
p4	3	16	final_output->linear_attn_out	Q5_K	1024	1024	1024	6.916e-02	8.150e-02	1.2	8.150e-02
p4	3	17	attn_norm->z	Q4_K	2048	2048	2048	7.434e-02	4.261e-02	0.6	4.261e-02
p4	3	17	final_output->linear_attn_out	Q5_K	1024	1024	1024	7.621e-02	8.754e-02	1.1	8.754e-02
p4	3	18	attn_norm->z	Q4_K	2048	2048	2048	7.184e-02	3.941e-02	0.5	3.941e-02
p4	3	18	final_output->linear_attn_out	Q5_K	1024	1024	1024	8.866e-02	7.634e-02	0.9	7.634e-02
p4	3	20	attn_norm->z	Q4_K	2048	2048	2048	7.533e-02	4.418e-02	0.6	4.418e-02
p4	3	20	final_output->linear_attn_out	Q5_K	1024	1024	1024	5.867e-02	8.424e-02	1.4	8.424e-02
p4	3	21	attn_norm->z	Q4_K	2048	2048	2048	7.734e-02	4.934e-02	0.6	4.934e-02
p4	3	21	final_output->linear_attn_out	Q5_K	1024	1024	1024	9.520e-02	1.133e-01	1.2	1.133e-01
p4	3	22	attn_norm->z	Q4_K	2048	2048	2048	7.483e-02	3.655e-02	0.5	3.655e-02
p4	3	22	final_output->linear_attn_out	Q5_K	1024	1024	1024	6.048e-02	1.023e-01	1.7	1.023e-01
orig	4	0	attn_norm->z	Q4_K	2048	2048	2048	0.000e+00	0.000e+00	nan	0.000e+00
orig	4	0	final_output->linear_attn_out	Q5_K	1024	1024	1024	1.878e-07	3.760e-07	2.0	3.760e-07
orig	4	1	attn_norm->z	Q4_K	2048	2048	2048	3.970e-07	1.429e-07	0.4	1.429e-07
orig	4	1	final_output->linear_attn_out	Q5_K	1024	1024	1024	2.233e-04	9.789e-04	4.4	9.789e-04
orig	4	2	attn_norm->z	Q4_K	2048	2048	2048	7.996e-03	8.774e-03	1.1	8.774e-03
orig	4	2	final_output->linear_attn_out	Q5_K	1024	1024	1024	1.142e-02	2.345e-02	2.1	2.345e-02
orig	4	4	attn_norm->z	Q4_K	2048	2048	2048	2.760e-02	1.625e-02	0.6	1.625e-02
orig	4	4	final_output->linear_attn_out	Q5_K	1024	1024	1024	3.603e-02	4.600e-02	1.3	4.600e-02
orig	4	5	attn_norm->z	Q4_K	2048	2048	2048	3.083e-02	1.795e-02	0.6	1.795e-02
orig	4	5	final_output->linear_attn_out	Q5_K	1024	1024	1024	5.247e-02	4.530e-02	0.9	4.530e-02
orig	4	6	attn_norm->z	Q4_K	2048	2048	2048	3.182e-02	1.640e-02	0.5	1.640e-02
orig	4	6	final_output->linear_attn_out	Q5_K	1024	1024	1024	3.427e-02	6.221e-02	1.8	6.221e-02
orig	4	8	attn_norm->z	Q4_K	2048	2048	2048	3.687e-02	1.898e-02	0.5	1.898e-02
orig	4	8	final_output->linear_attn_out	Q5_K	1024	1024	1024	9.054e-02	7.225e-02	0.8	7.225e-02
orig	4	9	attn_norm->z	Q4_K	2048	2048	2048	4.118e-02	2.289e-02	0.6	2.289e-02
orig	4	9	final_output->linear_attn_out	Q5_K	1024	1024	1024	6.569e-02	7.597e-02	1.2	7.597e-02
orig	4	10	attn_norm->z	Q4_K	2048	2048	2048	4.012e-02	1.867e-02	0.5	1.867e-02
orig	4	10	final_output->linear_attn_out	Q5_K	1024	1024	1024	5.243e-02	6.649e-02	1.3	6.649e-02
orig	4	12	attn_norm->z	Q4_K	2048	2048	2048	4.064e-02	1.889e-02	0.5	1.889e-02
orig	4	12	final_output->linear_attn_out	Q5_K	1024	1024	1024	5.547e-02	6.362e-02	1.1	6.362e-02
orig	4	13	attn_norm->z	Q4_K	2048	2048	2048	3.774e-02	1.877e-02	0.5	1.877e-02
orig	4	13	final_output->linear_attn_out	Q5_K	1024	1024	1024	4.345e-02	5.583e-02	1.3	5.583e-02
orig	4	14	attn_norm->z	Q4_K	2048	2048	2048	3.591e-02	1.675e-02	0.5	1.675e-02
orig	4	14	final_output->linear_attn_out	Q5_K	1024	1024	1024	4.069e-02	5.099e-02	1.3	5.099e-02
orig	4	16	attn_norm->z	Q4_K	2048	2048	2048	3.350e-02	1.869e-02	0.6	1.869e-02
orig	4	16	final_output->linear_attn_out	Q5_K	1024	1024	1024	3.329e-02	5.487e-02	1.6	5.487e-02
orig	4	17	attn_norm->z	Q4_K	2048	2048	2048	3.432e-02	2.244e-02	0.7	2.244e-02
orig	4	17	final_output->linear_attn_out	Q5_K	1024	1024	1024	3.063e-02	4.409e-02	1.4	4.409e-02
orig	4	18	attn_norm->z	Q4_K	2048	2048	2048	3.250e-02	2.029e-02	0.6	2.029e-02
orig	4	18	final_output->linear_attn_out	Q5_K	1024	1024	1024	3.405e-02	4.506e-02	1.3	4.506e-02
orig	4	20	attn_norm->z	Q4_K	2048	2048	2048	3.694e-02	2.094e-02	0.6	2.094e-02
orig	4	20	final_output->linear_attn_out	Q5_K	1024	1024	1024	5.222e-02	4.883e-02	0.9	4.883e-02
orig	4	21	attn_norm->z	Q4_K	2048	2048	2048	3.782e-02	2.960e-02	0.8	2.960e-02
orig	4	21	final_output->linear_attn_out	Q5_K	1024	1024	1024	4.668e-02	5.200e-02	1.1	5.200e-02
orig	4	22	attn_norm->z	Q4_K	2048	2048	2048	3.758e-02	2.380e-02	0.6	2.380e-02
orig	4	22	final_output->linear_attn_out	Q5_K	1024	1024	1024	3.932e-02	5.703e-02	1.5	5.703e-02
orig	28	0	attn_norm->z	Q4_K	2048	2048	2048	0.000e+00	0.000e+00	nan	0.000e+00
orig	28	0	final_output->linear_attn_out	Q5_K	1024	1024	1024	1.910e-07	1.305e-06	6.8	1.305e-06
orig	28	1	attn_norm->z	Q4_K	2048	2048	2048	1.511e-06	5.427e-07	0.4	5.427e-07
orig	28	1	final_output->linear_attn_out	Q5_K	1024	1024	1024	4.319e-05	1.792e-04	4.2	1.792e-04
orig	28	2	attn_norm->z	Q4_K	2048	2048	2048	6.175e-03	7.661e-03	1.2	7.661e-03
orig	28	2	final_output->linear_attn_out	Q5_K	1024	1024	1024	1.320e-02	3.106e-02	2.4	3.106e-02
orig	28	4	attn_norm->z	Q4_K	2048	2048	2048	3.231e-02	1.697e-02	0.5	1.697e-02
orig	28	4	final_output->linear_attn_out	Q5_K	1024	1024	1024	4.375e-02	5.819e-02	1.3	5.819e-02
orig	28	5	attn_norm->z	Q4_K	2048	2048	2048	4.185e-02	2.409e-02	0.6	2.409e-02
orig	28	5	final_output->linear_attn_out	Q5_K	1024	1024	1024	4.416e-02	6.927e-02	1.6	6.927e-02
orig	28	6	attn_norm->z	Q4_K	2048	2048	2048	4.573e-02	2.070e-02	0.5	2.070e-02
orig	28	6	final_output->linear_attn_out	Q5_K	1024	1024	1024	5.271e-02	6.019e-02	1.1	6.019e-02
orig	28	8	attn_norm->z	Q4_K	2048	2048	2048	4.670e-02	2.204e-02	0.5	2.204e-02
orig	28	8	final_output->linear_attn_out	Q5_K	1024	1024	1024	5.425e-02	9.878e-02	1.8	9.878e-02
orig	28	9	attn_norm->z	Q4_K	2048	2048	2048	4.707e-02	2.146e-02	0.5	2.146e-02
orig	28	9	final_output->linear_attn_out	Q5_K	1024	1024	1024	5.510e-02	6.461e-02	1.2	6.461e-02
orig	28	10	attn_norm->z	Q4_K	2048	2048	2048	4.498e-02	1.705e-02	0.4	1.705e-02
orig	28	10	final_output->linear_attn_out	Q5_K	1024	1024	1024	5.211e-02	6.120e-02	1.2	6.120e-02
orig	28	12	attn_norm->z	Q4_K	2048	2048	2048	4.328e-02	1.663e-02	0.4	1.663e-02
orig	28	12	final_output->linear_attn_out	Q5_K	1024	1024	1024	4.842e-02	5.544e-02	1.1	5.544e-02
orig	28	13	attn_norm->z	Q4_K	2048	2048	2048	4.068e-02	1.980e-02	0.5	1.980e-02
orig	28	13	final_output->linear_attn_out	Q5_K	1024	1024	1024	4.837e-02	6.580e-02	1.4	6.580e-02
orig	28	14	attn_norm->z	Q4_K	2048	2048	2048	3.803e-02	1.566e-02	0.4	1.566e-02
orig	28	14	final_output->linear_attn_out	Q5_K	1024	1024	1024	4.363e-02	5.513e-02	1.3	5.513e-02
orig	28	16	attn_norm->z	Q4_K	2048	2048	2048	3.739e-02	1.462e-02	0.4	1.462e-02
orig	28	16	final_output->linear_attn_out	Q5_K	1024	1024	1024	3.918e-02	5.035e-02	1.3	5.035e-02
orig	28	17	attn_norm->z	Q4_K	2048	2048	2048	3.647e-02	1.814e-02	0.5	1.814e-02
orig	28	17	final_output->linear_attn_out	Q5_K	1024	1024	1024	4.424e-02	5.368e-02	1.2	5.368e-02
orig	28	18	attn_norm->z	Q4_K	2048	2048	2048	3.784e-02	1.681e-02	0.4	1.681e-02
orig	28	18	final_output->linear_attn_out	Q5_K	1024	1024	1024	4.086e-02	3.716e-02	0.9	3.716e-02
orig	28	20	attn_norm->z	Q4_K	2048	2048	2048	4.032e-02	1.688e-02	0.4	1.688e-02
orig	28	20	final_output->linear_attn_out	Q5_K	1024	1024	1024	2.895e-02	3.590e-02	1.2	3.590e-02
orig	28	21	attn_norm->z	Q4_K	2048	2048	2048	4.089e-02	2.109e-02	0.5	2.109e-02
orig	28	21	final_output->linear_attn_out	Q5_K	1024	1024	1024	4.007e-02	5.223e-02	1.3	5.223e-02
orig	28	22	attn_norm->z	Q4_K	2048	2048	2048	4.045e-02	2.026e-02	0.5	2.026e-02
orig	28	22	final_output->linear_attn_out	Q5_K	1024	1024	1024	3.497e-02	5.922e-02	1.7	5.922e-02
